Document,KMeans_Cluster,DBSCAN_Cluster,GMM_Cluster
0,2,0,3
1,2,0,0
2,2,0,0
3,2,0,1
4,2,0,0
5,2,0,1
6,2,0,1
7,2,0,0
8,2,0,0
9,2,0,1
10,2,0,1
11,2,0,0
12,2,0,1
13,2,0,0
14,2,0,1
15,2,0,1
16,2,0,1
17,2,0,1
18,2,0,1
19,2,0,1
20,2,0,1
21,2,0,1
22,2,0,0
23,2,0,0
24,2,0,0
25,2,0,1
26,2,0,0
27,2,0,0
28,2,0,0
29,2,0,0
30,2,0,1
31,2,0,0
32,2,0,0
33,2,0,1
34,2,0,1
35,2,0,1
36,2,0,0
37,2,0,0
38,2,0,1
39,2,0,0
40,2,0,0
41,2,0,0
42,2,0,1
43,2,0,0
44,2,0,1
45,2,0,1
46,2,0,1
47,2,0,0
48,2,0,1
49,2,0,0
50,2,0,1
51,2,0,0
52,2,0,0
53,2,0,0
54,2,0,0
55,2,0,1
56,2,0,0
57,2,0,0
58,2,0,1
59,2,0,1
60,2,0,0
61,2,0,1
62,2,0,0
63,2,0,1
64,2,0,0
65,2,0,0
66,2,0,0
67,2,0,0
68,2,0,1
69,2,0,0
70,2,0,1
71,2,0,1
72,2,0,1
73,2,0,1
74,2,0,0
75,2,0,1
76,2,0,1
77,2,0,1
78,2,0,0
79,2,0,0
80,2,0,0
81,2,0,1
82,2,0,1
83,2,0,0
84,2,0,0
85,2,0,0
86,2,0,1
87,2,0,1
88,2,0,1
89,2,0,1
90,2,0,0
91,2,0,1
92,2,0,0
93,2,0,1
94,2,0,1
95,2,0,1
96,2,0,0
97,2,0,0
98,2,0,1
99,2,0,1
100,2,0,1
101,2,0,0
102,2,0,1
103,2,0,1
104,2,0,0
105,2,0,1
106,2,0,0
107,2,0,0
108,2,0,1
109,2,0,0
110,2,0,1
111,2,0,0
112,2,0,1
113,2,0,1
114,2,0,1
115,2,0,1
116,2,0,1
117,2,0,0
118,2,0,1
119,2,0,1
120,2,0,1
121,2,0,0
122,2,0,0
123,2,0,1
124,2,0,0
125,2,0,0
126,2,0,0
127,2,0,1
128,2,0,1
129,2,0,0
130,2,0,1
131,2,0,1
132,2,0,1
133,2,0,0
134,2,0,1
135,2,0,0
136,2,0,1
137,2,0,0
138,2,0,0
139,2,0,0
140,2,0,0
141,2,0,1
142,2,0,0
143,2,0,0
144,2,0,0
145,2,0,1
146,2,0,0
147,2,0,1
148,2,0,1
149,2,0,0
150,0,0,0
151,0,0,0
152,0,0,1
153,0,0,0
154,0,0,0
155,0,0,0
156,0,0,0
157,0,0,0
158,0,0,0
159,0,0,0
160,0,0,0
161,0,0,0
162,0,0,0
163,0,0,0
164,0,0,1
165,0,0,1
166,0,0,1
167,0,0,1
168,0,0,1
169,0,0,1
170,0,0,1
171,0,0,0
172,0,0,0
173,0,0,0
174,0,0,1
175,0,0,0
176,0,0,0
177,0,0,0
178,0,0,0
179,0,0,1
180,0,0,1
181,0,0,0
182,0,0,1
183,0,0,0
184,0,0,0
185,0,0,0
186,0,0,1
187,0,0,0
188,0,0,0
189,0,0,0
190,0,0,0
191,0,0,0
192,0,0,1
193,0,0,0
194,0,0,0
195,0,0,0
196,0,0,0
197,0,0,1
198,0,0,0
199,0,0,0
200,0,0,0
201,0,0,0
202,0,0,1
203,0,0,0
204,0,0,1
205,0,0,0
206,0,0,0
207,0,0,1
208,0,0,1
209,0,0,1
210,0,0,0
211,0,0,1
212,0,0,0
213,0,0,0
214,0,0,0
215,0,0,1
216,0,0,1
217,0,0,1
218,0,0,0
219,0,0,0
220,0,0,0
221,0,0,0
222,0,0,0
223,0,0,0
224,0,0,0
225,0,0,1
226,0,0,0
227,0,0,1
228,0,0,1
229,0,0,0
230,0,0,0
231,0,0,1
232,0,0,0
233,0,0,0
234,0,0,0
235,0,0,0
236,0,0,1
237,0,0,1
238,0,0,1
239,0,0,1
240,0,0,1
241,0,0,1
242,0,0,1
243,0,0,0
244,0,0,1
245,0,0,1
246,0,0,0
247,0,0,0
248,0,0,0
249,0,0,0
250,0,0,0
251,0,0,1
252,0,0,0
253,0,0,1
254,0,0,1
255,0,0,1
256,0,0,0
257,0,0,1
258,0,0,0
259,0,0,1
260,0,0,0
261,0,0,0
262,0,0,1
263,0,0,0
264,0,0,0
265,0,0,1
266,0,0,1
267,0,0,0
268,0,0,0
269,0,0,0
270,0,0,0
271,0,0,0
272,0,0,0
273,0,0,0
274,0,0,0
275,0,0,0
276,0,0,0
277,0,0,1
278,0,0,0
279,0,0,1
280,0,0,0
281,0,0,0
282,0,0,0
283,0,0,0
284,0,0,0
285,0,0,0
286,0,0,1
287,0,0,1
288,0,0,1
289,0,0,1
290,0,0,1
291,0,0,1
292,0,0,0
293,0,0,0
294,0,0,0
295,0,0,1
296,0,0,0
297,0,0,0
298,3,0,0
299,3,0,1
300,3,0,0
301,3,0,0
302,3,0,1
303,3,0,0
304,3,0,1
305,3,0,1
306,3,0,1
307,3,0,0
308,3,0,1
309,3,0,0
310,3,0,1
311,3,0,1
312,3,0,1
313,3,0,0
314,3,0,0
315,3,0,1
316,3,0,1
317,3,0,0
318,3,0,0
319,3,0,0
320,3,0,1
321,3,0,0
322,3,0,1
323,3,0,1
324,3,0,0
325,3,0,0
326,3,0,0
327,3,0,0
328,3,0,1
329,3,0,0
330,3,0,0
331,3,0,1
332,3,0,0
333,3,0,0
334,3,0,1
335,3,0,0
336,3,0,1
337,3,0,0
338,3,0,1
339,3,0,1
340,3,0,1
341,3,0,0
342,3,0,1
343,3,0,0
344,3,0,0
345,3,0,0
346,3,0,1
347,3,0,0
348,3,0,1
349,3,0,1
350,3,0,0
351,3,0,1
352,3,0,0
353,3,0,0
354,3,0,1
355,3,0,1
356,3,0,0
357,3,0,0
358,3,0,1
359,3,0,0
360,3,0,1
361,3,0,0
362,3,0,1
363,3,0,0
364,3,0,0
365,3,0,1
366,3,0,0
367,3,0,1
368,3,0,0
369,3,0,0
370,3,0,1
371,3,0,1
372,3,0,0
373,3,0,0
374,3,0,0
375,3,0,1
376,3,0,0
377,3,0,0
378,3,0,1
379,3,0,0
380,3,0,0
381,3,0,0
382,3,0,1
383,3,0,0
384,3,0,0
385,3,0,0
386,3,0,0
387,3,0,1
388,3,0,1
389,3,0,0
390,3,0,0
391,3,0,0
392,3,0,0
393,3,0,1
394,3,0,0
395,3,0,0
396,3,0,0
397,3,0,0
398,3,0,1
399,3,0,0
400,3,0,0
401,3,0,1
402,3,0,0
403,3,0,0
404,3,0,1
405,3,0,0
406,3,0,0
407,3,0,1
408,3,0,1
409,3,0,1
410,3,0,0
411,3,0,0
412,3,0,1
413,3,0,0
414,3,0,0
415,3,0,1
416,3,0,0
417,3,0,0
418,3,0,0
419,3,0,1
420,3,0,1
421,3,0,0
422,3,0,1
423,3,0,0
424,3,0,1
425,3,0,0
426,3,0,0
427,3,0,1
428,3,0,1
429,3,0,1
430,3,0,0
431,3,0,0
432,3,0,0
433,3,0,1
434,3,0,0
435,3,0,1
436,3,0,0
437,3,0,0
438,3,0,0
439,3,0,1
440,3,0,1
441,3,0,1
442,3,0,0
443,3,0,0
444,3,0,1
445,1,0,1
446,1,0,1
447,1,0,0
448,1,0,0
449,1,0,0
450,1,0,0
451,1,0,0
452,1,0,1
453,1,0,0
454,1,0,0
455,1,0,1
456,1,0,1
457,1,0,1
458,1,0,0
459,1,0,0
460,1,0,0
461,1,0,1
462,1,0,1
463,1,0,1
464,1,0,0
465,1,0,1
466,1,0,0
467,1,0,1
468,1,0,0
469,1,0,1
470,1,0,0
471,1,0,0
472,1,0,0
473,1,0,0
474,1,0,1
475,1,0,1
476,1,0,1
477,1,0,1
478,1,0,0
479,1,0,0
480,1,0,0
481,1,0,1
482,1,0,0
483,1,0,1
484,1,0,0
485,1,0,1
486,1,0,1
487,1,0,0
488,1,0,1
489,1,0,0
490,1,0,0
491,1,0,1
492,1,0,0
493,1,0,1
494,1,0,0
495,1,0,1
496,1,0,1
497,1,0,0
498,1,0,0
499,1,0,0
500,1,0,1
501,1,0,1
502,1,0,0
503,1,0,0
504,1,0,0
505,1,0,1
506,1,0,0
507,1,0,1
508,1,0,1
509,1,0,1
510,1,0,0
511,1,0,1
512,1,0,0
513,1,0,0
514,1,0,1
515,1,0,0
516,1,0,0
517,1,0,1
518,1,0,0
519,1,0,0
520,1,0,0
521,1,0,0
522,1,0,0
523,1,0,1
524,1,0,0
525,1,0,0
526,1,0,1
527,1,0,0
528,1,0,0
529,1,0,1
530,1,0,0
531,1,0,0
532,1,0,1
533,1,0,0
534,1,0,0
535,1,0,0
536,1,0,1
537,1,0,0
538,1,0,0
539,1,0,1
540,1,0,0
541,1,0,1
542,1,0,0
543,1,0,0
544,1,0,0
545,1,0,0
546,1,0,1
547,1,0,1
548,1,0,0
549,1,0,0
550,1,0,0
551,1,0,0
552,1,0,0
553,1,0,1
554,1,0,0
555,1,0,1
556,1,0,0
557,1,0,1
558,1,0,1
559,1,0,1
560,1,0,0
561,1,0,0
562,1,0,1
563,1,0,0
564,1,0,1
565,1,0,1
566,1,0,0
567,1,0,0
568,1,0,1
569,1,0,0
570,1,0,0
571,1,0,0
572,1,0,1
573,1,0,1
574,1,0,0
575,1,0,0
576,1,0,1
577,1,0,1
578,1,0,0
579,1,0,1
580,1,0,0
581,1,0,0
582,1,0,0
583,1,0,1
584,1,0,1
585,1,0,0
586,1,0,1
587,1,0,1
588,1,0,0
589,1,0,0
590,1,0,0
591,1,0,0
592,1,0,1
593,1,0,0
594,1,0,0
595,1,0,1
596,1,0,0
597,1,0,0
598,1,0,0
599,1,0,1
600,2,0,1
601,2,0,1
602,2,0,1
603,2,0,1
604,2,0,1
605,2,0,1
606,2,0,1
607,2,0,1
608,2,0,1
609,2,0,1
610,2,0,1
611,2,0,0
612,2,0,1
613,2,0,1
614,2,0,1
615,2,0,1
616,2,0,1
617,2,0,1
618,2,0,1
619,2,0,1
620,2,0,1
621,2,0,1
622,2,0,1
623,2,0,1
624,2,0,1
625,2,0,1
626,2,0,1
627,2,0,1
628,2,0,1
629,2,0,1
630,2,0,1
631,2,0,0
632,2,0,1
633,2,0,1
634,2,0,1
635,2,0,1
636,2,0,1
637,2,0,1
638,2,0,1
639,2,0,1
640,2,0,1
641,2,0,1
642,2,0,1
643,2,0,1
644,2,0,1
645,2,0,1
646,2,0,1
647,2,0,1
648,2,0,1
649,2,0,1
650,2,0,1
651,2,0,1
652,2,0,1
653,2,0,1
654,2,0,1
655,2,0,1
656,2,0,1
657,2,0,1
658,2,0,1
659,2,0,1
660,2,0,1
661,2,0,1
662,2,0,1
663,2,0,1
664,2,0,1
665,2,0,1
666,2,0,1
667,2,0,1
668,2,0,1
669,2,0,1
670,2,0,1
671,2,0,1
672,2,0,1
673,2,0,1
674,2,0,1
675,2,0,0
676,2,0,1
677,2,0,1
678,2,0,1
679,2,0,1
680,2,0,1
681,2,0,1
682,2,0,1
683,2,0,1
684,2,0,1
685,2,0,1
686,2,0,1
687,2,0,1
688,2,0,1
689,2,0,1
690,2,0,1
691,2,0,1
692,2,0,1
693,2,0,1
694,2,0,1
695,2,0,1
696,2,0,1
697,2,0,1
698,2,0,1
699,2,0,1
700,2,0,0
701,2,0,1
702,2,0,1
703,2,0,1
704,2,0,1
705,2,0,1
706,2,0,1
707,2,0,1
708,2,0,1
709,2,0,1
710,2,0,1
711,2,0,1
712,2,0,1
713,2,0,1
714,2,0,1
715,2,0,1
716,2,0,1
717,2,0,1
718,2,0,1
719,2,0,1
720,2,0,1
721,2,0,1
722,2,0,1
723,2,0,1
724,2,0,1
725,2,0,1
726,2,0,1
727,2,0,1
728,2,0,1
729,2,0,1
730,2,0,1
731,2,0,1
732,2,0,1
733,2,0,1
734,2,0,1
735,2,0,1
736,2,0,1
737,2,0,1
738,2,0,1
739,2,0,1
740,2,0,1
741,2,0,1
742,2,0,1
743,2,0,1
744,2,0,1
745,2,0,1
746,2,0,1
747,2,0,1
748,2,0,1
749,0,0,1
750,0,0,1
751,0,0,1
752,0,0,1
753,0,0,1
754,0,0,1
755,0,0,1
756,0,0,1
757,0,0,1
758,0,0,1
759,0,0,1
760,0,0,0
761,0,0,1
762,0,0,1
763,0,0,1
764,0,0,1
765,0,0,1
766,0,0,1
767,0,0,1
768,0,0,1
769,0,0,1
770,0,0,1
771,0,0,1
772,0,0,1
773,0,0,1
774,0,0,1
775,0,0,1
776,0,0,1
777,0,0,1
778,0,0,1
779,0,0,1
780,0,0,1
781,0,0,1
782,0,0,1
783,0,0,1
784,0,0,1
785,0,0,1
786,0,0,1
787,0,0,1
788,0,0,1
789,0,0,1
790,0,0,1
791,0,0,1
792,0,0,1
793,0,0,1
794,0,0,1
795,0,0,1
796,0,0,1
797,0,0,1
798,0,0,1
799,0,0,1
800,0,0,1
801,0,0,1
802,0,0,1
803,0,0,1
804,0,0,1
805,0,0,1
806,0,0,1
807,0,0,1
808,0,0,1
809,0,0,1
810,0,0,1
811,0,0,1
812,0,0,1
813,0,0,1
814,0,0,1
815,0,0,1
816,0,0,1
817,0,0,1
818,0,0,1
819,0,0,1
820,0,0,1
821,0,0,1
822,0,0,1
823,0,0,1
824,0,0,1
825,0,0,1
826,0,0,1
827,0,0,1
828,0,0,1
829,0,0,1
830,0,0,0
831,0,0,0
832,0,0,1
833,0,0,0
834,0,0,1
835,0,0,1
836,0,0,1
837,0,0,0
838,0,0,1
839,0,0,1
840,0,0,1
841,0,0,1
842,0,0,1
843,0,0,1
844,0,0,1
845,0,0,1
846,0,0,1
847,0,0,1
848,0,0,1
849,0,0,1
850,0,0,1
851,0,0,1
852,0,0,1
853,0,0,1
854,0,0,1
855,0,0,1
856,0,0,1
857,0,0,1
858,0,0,1
859,0,0,1
860,0,0,0
861,0,0,1
862,0,0,1
863,0,0,1
864,0,0,1
865,0,0,1
866,0,0,1
867,0,0,1
868,0,0,1
869,0,0,1
870,0,0,1
871,0,0,1
872,0,0,1
873,0,0,1
874,0,0,1
875,0,0,1
876,0,0,1
877,0,0,1
878,0,0,1
879,0,0,1
880,0,0,1
881,0,0,1
882,0,0,1
883,0,0,1
884,0,0,1
885,0,0,1
886,0,0,1
887,0,0,1
888,0,0,1
889,0,0,1
890,0,0,1
891,0,0,1
892,0,0,1
893,0,0,1
894,0,0,1
895,0,0,1
896,0,0,1
897,3,0,1
898,3,0,1
899,3,0,1
900,3,0,1
901,3,0,1
902,3,0,1
903,3,0,1
904,3,0,1
905,3,0,0
906,3,0,1
907,3,0,1
908,3,0,1
909,3,0,1
910,3,0,1
911,3,0,1
912,3,0,1
913,3,0,1
914,3,0,1
915,3,0,1
916,3,0,1
917,3,0,1
918,3,0,1
919,3,0,1
920,3,0,1
921,3,0,1
922,3,0,1
923,3,0,1
924,3,0,1
925,3,0,1
926,3,0,1
927,3,0,1
928,3,0,1
929,3,0,1
930,3,0,1
931,3,0,1
932,3,0,1
933,3,0,1
934,3,0,1
935,3,0,1
936,3,0,1
937,3,0,1
938,3,0,1
939,3,0,1
940,3,0,1
941,3,0,1
942,3,0,1
943,3,0,1
944,3,0,1
945,3,0,1
946,3,0,1
947,3,0,1
948,3,0,1
949,3,0,1
950,3,0,1
951,3,0,1
952,3,0,1
953,3,0,1
954,3,0,1
955,3,0,1
956,3,0,1
957,3,0,1
958,3,0,1
959,3,0,1
960,3,0,1
961,3,0,1
962,3,0,1
963,3,0,1
964,3,0,1
965,3,0,1
966,3,0,1
967,3,0,1
968,3,0,1
969,3,0,1
970,3,0,1
971,3,0,1
972,3,0,1
973,3,0,1
974,3,0,1
975,3,0,1
976,3,0,1
977,3,0,1
978,3,0,1
979,3,0,1
980,3,0,1
981,3,0,1
982,3,0,1
983,3,0,1
984,3,0,1
985,3,0,1
986,3,0,1
987,3,0,1
988,3,0,1
989,3,0,1
990,3,0,1
991,3,0,1
992,3,0,0
993,3,0,1
994,3,0,0
995,3,0,1
996,3,0,1
997,3,0,1
998,3,0,1
999,3,0,1
1000,3,0,1
1001,3,0,1
1002,3,0,1
1003,3,0,1
1004,3,0,1
1005,3,0,1
1006,3,0,0
1007,3,0,1
1008,3,0,1
1009,3,0,1
1010,3,0,1
1011,3,0,1
1012,3,0,1
1013,3,0,1
1014,3,0,1
1015,3,0,1
1016,3,0,1
1017,3,0,1
1018,3,0,1
1019,3,0,1
1020,3,0,1
1021,3,0,1
1022,3,0,1
1023,3,0,1
1024,3,0,1
1025,3,0,1
1026,3,0,1
1027,3,0,1
1028,3,0,1
1029,3,0,1
1030,3,0,1
1031,3,0,1
1032,3,0,1
1033,3,0,0
1034,3,0,1
1035,3,0,1
1036,3,0,1
1037,3,0,1
1038,3,0,1
1039,3,0,1
1040,3,0,1
1041,3,0,1
1042,3,0,1
1043,3,0,1
1044,1,0,1
1045,1,0,1
1046,1,0,1
1047,1,0,1
1048,1,0,1
1049,1,0,1
1050,1,0,1
1051,1,0,1
1052,1,0,1
1053,1,0,1
1054,1,0,1
1055,1,0,1
1056,1,0,1
1057,1,0,1
1058,1,0,1
1059,1,0,1
1060,1,0,1
1061,1,0,1
1062,1,0,1
1063,1,0,1
1064,1,0,1
1065,1,0,1
1066,1,0,1
1067,1,0,1
1068,1,0,1
1069,1,0,1
1070,1,0,1
1071,1,0,1
1072,1,0,0
1073,1,0,0
1074,1,0,1
1075,1,0,1
1076,1,0,1
1077,1,0,1
1078,1,0,1
1079,1,0,1
1080,1,0,1
1081,1,0,1
1082,1,0,1
1083,1,0,0
1084,1,0,0
1085,1,0,1
1086,1,0,0
1087,1,0,1
1088,1,0,1
1089,1,0,1
1090,1,0,1
1091,1,0,1
1092,1,0,1
1093,1,0,1
1094,1,0,1
1095,1,0,1
1096,1,0,0
1097,1,0,1
1098,1,0,1
1099,1,0,1
1100,1,0,1
1101,1,0,1
1102,1,0,1
1103,1,0,1
1104,1,0,1
1105,1,0,1
1106,1,0,1
1107,1,0,1
1108,1,0,1
1109,1,0,1
1110,1,0,1
1111,1,0,1
1112,1,0,1
1113,1,0,0
1114,1,0,1
1115,1,0,1
1116,1,0,1
1117,1,0,1
1118,1,0,1
1119,1,0,0
1120,1,0,1
1121,1,0,1
1122,1,0,1
1123,1,0,1
1124,1,0,1
1125,1,0,1
1126,1,0,1
1127,1,0,1
1128,1,0,1
1129,1,0,1
1130,1,0,1
1131,1,0,1
1132,1,0,1
1133,1,0,1
1134,1,0,1
1135,1,0,1
1136,1,0,1
1137,1,0,1
1138,1,0,1
1139,1,0,0
1140,1,0,1
1141,1,0,1
1142,1,0,1
1143,1,0,1
1144,1,0,1
1145,1,0,1
1146,1,0,1
1147,1,0,1
1148,1,0,1
1149,2,0,0
1150,2,0,1
1151,2,0,1
1152,2,0,1
1153,2,0,1
1154,2,0,1
1155,2,0,1
1156,2,0,1
1157,2,0,1
1158,2,0,1
1159,2,0,1
1160,2,0,1
1161,2,0,1
1162,2,0,0
1163,2,0,1
1164,2,0,0
1165,2,0,1
1166,2,0,1
1167,2,0,0
1168,2,0,1
1169,2,0,1
1170,2,0,1
1171,2,0,1
1172,2,0,1
1173,2,0,1
1174,2,0,0
1175,2,0,1
1176,2,0,1
1177,2,0,1
1178,2,0,1
1179,2,0,1
1180,2,0,1
1181,2,0,1
1182,2,0,1
1183,2,0,1
1184,2,0,1
1185,2,0,0
1186,2,0,1
1187,2,0,1
1188,2,0,1
1189,2,0,0
1190,2,0,1
1191,2,0,1
1192,2,0,1
1193,2,0,0
1194,2,0,1
1195,2,0,1
1196,2,0,1
1197,2,0,1
1198,2,0,1
1199,2,0,1
1200,2,0,1
1201,2,0,1
1202,2,0,1
1203,2,0,1
1204,2,0,1
1205,2,0,1
1206,2,0,1
1207,2,0,1
1208,2,0,1
1209,2,0,1
1210,2,0,1
1211,2,0,1
1212,2,0,1
1213,2,0,1
1214,2,0,1
1215,2,0,1
1216,2,0,1
1217,2,0,1
1218,2,0,1
1219,2,0,1
1220,2,0,0
1221,2,0,1
1222,2,0,1
1223,2,0,1
1224,2,0,1
1225,2,0,1
1226,2,0,1
1227,2,0,1
1228,2,0,1
1229,2,0,1
1230,2,0,0
1231,2,0,0
1232,2,0,1
1233,2,0,0
1234,2,0,1
1235,2,0,1
1236,2,0,1
1237,2,0,0
1238,2,0,0
1239,2,0,1
1240,2,0,1
1241,2,0,1
1242,2,0,1
1243,2,0,1
1244,2,0,1
1245,2,0,0
1246,2,0,1
1247,2,0,1
1248,2,0,1
1249,2,0,1
1250,2,0,0
1251,2,0,1
1252,2,0,1
1253,2,0,1
1254,2,0,1
1255,2,0,1
1256,2,0,0
1257,2,0,1
1258,2,0,1
1259,2,0,1
1260,2,0,1
1261,2,0,1
1262,2,0,1
1263,2,0,1
1264,2,0,1
1265,2,0,0
1266,2,0,1
1267,2,0,1
1268,2,0,1
1269,2,0,1
1270,2,0,1
1271,2,0,1
1272,2,0,1
1273,2,0,1
1274,2,0,1
1275,2,0,0
1276,2,0,1
1277,2,0,0
1278,2,0,0
1279,2,0,1
1280,2,0,1
1281,2,0,1
1282,2,0,1
1283,2,0,1
1284,2,0,1
1285,2,0,1
1286,2,0,1
1287,2,0,1
1288,2,0,1
1289,2,0,1
1290,2,0,1
1291,2,0,1
1292,2,0,1
1293,2,0,1
1294,2,0,1
1295,2,0,1
1296,2,0,0
1297,2,0,1
1298,0,0,1
1299,0,0,0
1300,0,0,1
1301,0,0,1
1302,0,0,1
1303,0,0,1
1304,0,0,1
1305,0,0,1
1306,0,0,1
1307,0,0,1
1308,0,0,0
1309,0,0,1
1310,0,0,1
1311,0,0,1
1312,0,0,1
1313,0,0,1
1314,0,0,1
1315,0,0,1
1316,0,0,0
1317,0,0,1
1318,0,0,1
1319,0,0,1
1320,0,0,1
1321,0,0,0
1322,0,0,1
1323,0,0,1
1324,0,0,1
1325,0,0,1
1326,0,0,1
1327,0,0,0
1328,0,0,0
1329,0,0,1
1330,0,0,1
1331,0,0,0
1332,0,0,1
1333,0,0,1
1334,0,0,1
1335,0,0,1
1336,0,0,1
1337,0,0,1
1338,0,0,1
1339,0,0,1
1340,0,0,1
1341,0,0,1
1342,0,0,1
1343,0,0,1
1344,0,0,0
1345,0,0,1
1346,0,0,1
1347,0,0,1
1348,0,0,1
1349,0,0,1
1350,0,0,1
1351,0,0,0
1352,0,0,0
1353,0,0,1
1354,0,0,1
1355,0,0,1
1356,0,0,1
1357,0,0,1
1358,0,0,1
1359,0,0,1
1360,0,0,1
1361,0,0,1
1362,0,0,0
1363,0,0,0
1364,0,0,0
1365,0,0,1
1366,0,0,1
1367,0,0,0
1368,0,0,1
1369,0,0,1
1370,0,0,1
1371,0,0,0
1372,0,0,0
1373,0,0,1
1374,0,0,1
1375,0,0,1
1376,0,0,1
1377,0,0,1
1378,0,0,1
1379,0,0,1
1380,0,0,1
1381,0,0,0
1382,0,0,1
1383,0,0,0
1384,0,0,0
1385,0,0,1
1386,0,0,1
1387,0,0,1
1388,0,0,1
1389,0,0,1
1390,0,0,1
1391,0,0,1
1392,0,0,1
1393,0,0,1
1394,0,0,0
1395,0,0,1
1396,0,0,0
1397,0,0,1
1398,0,0,1
1399,0,0,1
1400,0,0,1
1401,0,0,1
1402,0,0,1
1403,0,0,1
1404,0,0,1
1405,0,0,0
1406,0,0,1
1407,0,0,1
1408,0,0,1
1409,0,0,0
1410,0,0,1
1411,0,0,1
1412,0,0,1
1413,0,0,1
1414,0,0,1
1415,0,0,1
1416,0,0,1
1417,0,0,1
1418,0,0,1
1419,0,0,0
1420,0,0,1
1421,0,0,1
1422,0,0,1
1423,0,0,1
1424,0,0,1
1425,0,0,1
1426,0,0,0
1427,0,0,1
1428,0,0,1
1429,0,0,1
1430,0,0,1
1431,0,0,1
1432,0,0,1
1433,0,0,1
1434,0,0,1
1435,0,0,0
1436,0,0,1
1437,0,0,1
1438,0,0,1
1439,0,0,1
1440,0,0,1
1441,0,0,1
1442,0,0,1
1443,0,0,1
1444,0,0,1
1445,0,0,1
1446,3,0,1
1447,3,0,1
1448,3,0,0
1449,3,0,1
1450,3,0,1
1451,3,0,1
1452,3,0,0
1453,3,0,0
1454,3,0,1
1455,3,0,1
1456,3,0,1
1457,3,0,1
1458,3,0,1
1459,3,0,1
1460,3,0,1
1461,3,0,0
1462,3,0,1
1463,3,0,0
1464,3,0,1
1465,3,0,1
1466,3,0,1
1467,3,0,0
1468,3,0,0
1469,3,0,1
1470,3,0,1
1471,3,0,1
1472,3,0,1
1473,3,0,0
1474,3,0,1
1475,3,0,1
1476,3,0,1
1477,3,0,1
1478,3,0,1
1479,3,0,1
1480,3,0,1
1481,3,0,1
1482,3,0,1
1483,3,0,1
1484,3,0,0
1485,3,0,1
1486,3,0,1
1487,3,0,1
1488,3,0,1
1489,3,0,1
1490,3,0,1
1491,3,0,0
1492,3,0,1
1493,3,0,0
1494,3,0,1
1495,3,0,1
1496,3,0,1
1497,3,0,1
1498,3,0,1
1499,3,0,1
1500,3,0,1
1501,3,0,1
1502,3,0,1
1503,3,0,1
1504,3,0,1
1505,3,0,1
1506,3,0,1
1507,3,0,1
1508,3,0,1
1509,3,0,1
1510,3,0,1
1511,3,0,1
1512,3,0,1
1513,3,0,1
1514,3,0,1
1515,3,0,1
1516,3,0,1
1517,3,0,1
1518,3,0,1
1519,3,0,1
1520,3,0,1
1521,3,0,1
1522,3,0,0
1523,3,0,1
1524,3,0,1
1525,3,0,1
1526,3,0,1
1527,3,0,1
1528,3,0,1
1529,3,0,0
1530,3,0,0
1531,3,0,1
1532,3,0,0
1533,3,0,1
1534,3,0,1
1535,3,0,1
1536,3,0,1
1537,3,0,1
1538,3,0,1
1539,3,0,1
1540,3,0,1
1541,3,0,1
1542,3,0,1
1543,3,0,1
1544,3,0,1
1545,3,0,1
1546,3,0,1
1547,3,0,1
1548,3,0,1
1549,3,0,1
1550,3,0,1
1551,3,0,0
1552,3,0,0
1553,3,0,1
1554,3,0,1
1555,3,0,1
1556,3,0,0
1557,3,0,1
1558,3,0,1
1559,3,0,1
1560,3,0,1
1561,3,0,1
1562,3,0,1
1563,3,0,1
1564,3,0,1
1565,3,0,1
1566,3,0,0
1567,3,0,1
1568,3,0,1
1569,3,0,0
1570,3,0,1
1571,3,0,1
1572,3,0,1
1573,3,0,1
1574,3,0,1
1575,3,0,1
1576,3,0,0
1577,3,0,1
1578,3,0,0
1579,3,0,0
1580,3,0,0
1581,3,0,0
1582,3,0,1
1583,3,0,1
1584,3,0,1
1585,3,0,1
1586,3,0,1
1587,3,0,1
1588,3,0,0
1589,3,0,1
1590,3,0,1
1591,3,0,1
1592,3,0,1
1593,1,0,1
1594,1,0,1
1595,1,0,1
1596,1,0,0
1597,1,0,1
1598,1,0,1
1599,1,0,1
1600,1,0,1
1601,1,0,1
1602,1,0,1
1603,1,0,1
1604,1,0,1
1605,1,0,1
1606,1,0,1
1607,1,0,1
1608,1,0,1
1609,1,0,1
1610,1,0,1
1611,1,0,0
1612,1,0,1
1613,1,0,1
1614,1,0,1
1615,1,0,1
1616,1,0,1
1617,1,0,1
1618,1,0,0
1619,1,0,1
1620,1,0,1
1621,1,0,1
1622,1,0,1
1623,1,0,1
1624,1,0,1
1625,1,0,1
1626,1,0,1
1627,1,0,1
1628,1,0,1
1629,1,0,1
1630,1,0,1
1631,1,0,1
1632,1,0,1
1633,1,0,1
1634,1,0,1
1635,1,0,1
1636,1,0,0
1637,1,0,1
1638,1,0,1
1639,1,0,1
1640,1,0,1
1641,1,0,1
1642,1,0,1
1643,1,0,1
1644,1,0,1
1645,1,0,1
1646,1,0,1
1647,1,0,0
1648,1,0,1
1649,1,0,1
1650,1,0,1
1651,1,0,1
1652,1,0,1
1653,1,0,0
1654,1,0,1
1655,1,0,1
1656,1,0,0
1657,1,0,1
1658,1,0,1
1659,1,0,1
1660,1,0,1
1661,1,0,1
1662,1,0,1
1663,1,0,0
1664,1,0,1
1665,1,0,1
1666,1,0,1
1667,1,0,1
1668,1,0,0
1669,1,0,1
1670,1,0,1
1671,1,0,1
1672,1,0,1
1673,1,0,1
1674,1,0,0
1675,1,0,1
1676,1,0,1
1677,1,0,1
1678,1,0,1
1679,1,0,0
1680,1,0,1
1681,1,0,0
1682,1,0,1
1683,1,0,1
1684,1,0,1
1685,1,0,1
1686,1,0,1
1687,1,0,1
1688,1,0,1
1689,1,0,1
1690,1,0,0
1691,1,0,0
1692,1,0,1
1693,1,0,1
1694,1,0,1
1695,1,0,1
1696,1,0,1
1697,1,0,1
1698,1,0,1
1699,1,0,1
1700,1,0,1
1701,1,0,1
1702,1,0,1
1703,1,0,0
1704,1,0,1
1705,1,0,0
1706,1,0,1
1707,1,0,1
1708,1,0,1
1709,1,0,1
1710,1,0,1
1711,1,0,1
1712,1,0,1
1713,1,0,1
1714,1,0,1
1715,1,0,1
1716,1,0,1
1717,1,0,1
1718,1,0,1
1719,1,0,1
1720,1,0,1
1721,1,0,1
1722,1,0,1
1723,1,0,1
1724,1,0,1
1725,1,0,1
1726,1,0,1
1727,1,0,1
1728,1,0,1
1729,1,0,1
1730,1,0,1
1731,1,0,1
1732,1,0,1
1733,1,0,1
1734,1,0,1
1735,1,0,1
1736,1,0,1
1737,1,0,1
1738,1,0,1
1739,1,0,1
1740,1,0,1
1741,1,0,0
1742,1,0,1
1743,1,0,1
1744,1,0,1
1745,1,0,1
1746,1,0,1
1747,1,0,1
1748,2,0,1
1749,2,0,1
1750,2,0,0
1751,2,0,0
1752,2,0,0
1753,2,0,0
1754,2,0,0
1755,2,0,0
1756,2,0,0
1757,2,0,1
1758,2,0,0
1759,2,0,1
1760,2,0,0
1761,2,0,1
1762,2,0,0
1763,2,0,0
1764,2,0,0
1765,2,0,0
1766,2,0,0
1767,2,0,0
1768,2,0,1
1769,2,0,0
1770,2,0,0
1771,2,0,0
1772,2,0,1
1773,2,0,0
1774,2,0,0
1775,2,0,0
1776,2,0,0
1777,2,0,1
1778,2,0,0
1779,2,0,0
1780,2,0,1
1781,2,0,0
1782,2,0,0
1783,2,0,1
1784,2,0,0
1785,2,0,0
1786,2,0,0
1787,2,0,1
1788,2,0,0
1789,2,0,0
1790,2,0,1
1791,2,0,0
1792,2,0,0
1793,2,0,0
1794,2,0,1
1795,2,0,0
1796,2,0,1
1797,2,0,0
1798,2,0,0
1799,2,0,0
1800,2,0,0
1801,2,0,0
1802,2,0,1
1803,2,0,1
1804,2,0,1
1805,2,0,0
1806,2,0,1
1807,2,0,0
1808,2,0,1
1809,2,0,0
1810,2,0,0
1811,2,0,0
1812,2,0,1
1813,2,0,1
1814,2,0,0
1815,2,0,1
1816,2,0,0
1817,2,0,0
1818,2,0,0
1819,2,0,0
1820,2,0,0
1821,2,0,0
1822,2,0,1
1823,2,0,1
1824,2,0,0
1825,2,0,0
1826,2,0,0
1827,2,0,1
1828,2,0,1
1829,2,0,1
1830,2,0,0
1831,2,0,0
1832,2,0,0
1833,2,0,0
1834,2,0,1
1835,2,0,1
1836,2,0,0
1837,2,0,0
1838,2,0,1
1839,2,0,0
1840,2,0,0
1841,2,0,0
1842,2,0,0
1843,2,0,0
1844,2,0,0
1845,2,0,0
1846,2,0,0
1847,2,0,0
1848,2,0,1
1849,2,0,1
1850,2,0,0
1851,2,0,0
1852,2,0,0
1853,2,0,0
1854,2,0,1
1855,2,0,0
1856,2,0,1
1857,2,0,0
1858,2,0,0
1859,2,0,1
1860,2,0,0
1861,2,0,0
1862,2,0,0
1863,2,0,1
1864,2,0,0
1865,2,0,1
1866,2,0,0
1867,2,0,0
1868,2,0,0
1869,2,0,1
1870,2,0,0
1871,2,0,1
1872,2,0,0
1873,2,0,0
1874,2,0,0
1875,2,0,1
1876,2,0,0
1877,2,0,0
1878,2,0,0
1879,2,0,1
1880,2,0,1
1881,2,0,0
1882,2,0,1
1883,2,0,1
1884,2,0,0
1885,2,0,0
1886,2,0,0
1887,2,0,0
1888,2,0,1
1889,2,0,0
1890,2,0,0
1891,2,0,1
1892,2,0,0
1893,2,0,0
1894,2,0,0
1895,2,0,0
1896,2,0,0
1897,0,0,0
1898,0,0,0
1899,0,0,0
1900,0,0,0
1901,0,0,1
1902,0,0,0
1903,0,0,1
1904,0,0,0
1905,0,0,0
1906,0,0,0
1907,0,0,0
1908,0,0,0
1909,0,0,0
1910,0,0,0
1911,0,0,0
1912,0,0,0
1913,0,0,0
1914,0,0,0
1915,0,0,0
1916,0,0,0
1917,0,0,1
1918,0,0,1
1919,0,0,0
1920,0,0,1
1921,0,0,0
1922,0,0,0
1923,0,0,0
1924,0,0,0
1925,0,0,0
1926,0,0,0
1927,0,0,0
1928,0,0,0
1929,0,0,0
1930,0,0,1
1931,0,0,0
1932,0,0,0
1933,0,0,1
1934,0,0,1
1935,0,0,0
1936,0,0,0
1937,0,0,0
1938,0,0,0
1939,0,0,0
1940,0,0,0
1941,0,0,1
1942,0,0,1
1943,0,0,0
1944,0,0,0
1945,0,0,0
1946,0,0,0
1947,0,0,0
1948,0,0,0
1949,0,0,0
1950,0,0,0
1951,0,0,1
1952,0,0,1
1953,0,0,0
1954,0,0,0
1955,0,0,1
1956,0,0,1
1957,0,0,0
1958,0,0,0
1959,0,0,1
1960,0,0,0
1961,0,0,1
1962,0,0,1
1963,0,0,1
1964,0,0,0
1965,0,0,0
1966,0,0,0
1967,0,0,0
1968,0,0,1
1969,0,0,1
1970,0,0,0
1971,0,0,0
1972,0,0,0
1973,0,0,0
1974,0,0,0
1975,0,0,0
1976,0,0,1
1977,0,0,1
1978,0,0,0
1979,0,0,1
1980,0,0,0
1981,0,0,1
1982,0,0,0
1983,0,0,1
1984,0,0,0
1985,0,0,0
1986,0,0,0
1987,0,0,0
1988,0,0,0
1989,0,0,0
1990,0,0,1
1991,0,0,0
1992,0,0,1
1993,0,0,1
1994,0,0,0
1995,0,0,1
1996,0,0,0
1997,0,0,0
1998,0,0,1
1999,0,0,0
2000,0,0,1
2001,0,0,0
2002,0,0,0
2003,0,0,0
2004,0,0,0
2005,0,0,1
2006,0,0,1
2007,0,0,0
2008,0,0,0
2009,0,0,1
2010,0,0,0
2011,0,0,0
2012,0,0,0
2013,0,0,1
2014,0,0,0
2015,0,0,0
2016,0,0,0
2017,0,0,0
2018,0,0,0
2019,0,0,1
2020,0,0,0
2021,0,0,0
2022,0,0,0
2023,0,0,0
2024,0,0,0
2025,0,0,0
2026,0,0,1
2027,0,0,0
2028,0,0,1
2029,0,0,1
2030,0,0,1
2031,0,0,0
2032,0,0,0
2033,0,0,0
2034,0,0,0
2035,0,0,0
2036,0,0,0
2037,0,0,0
2038,0,0,0
2039,0,0,0
2040,0,0,0
2041,0,0,1
2042,0,0,0
2043,0,0,0
2044,0,0,0
2045,3,0,0
2046,3,0,0
2047,3,0,1
2048,3,0,0
2049,3,0,1
2050,3,0,1
2051,3,0,0
2052,3,0,1
2053,3,0,1
2054,3,0,0
2055,3,0,1
2056,3,0,0
2057,3,0,0
2058,3,0,0
2059,3,0,0
2060,3,0,1
2061,3,0,0
2062,3,0,0
2063,3,0,1
2064,3,0,1
2065,3,0,0
2066,3,0,0
2067,3,0,0
2068,3,0,1
2069,3,0,0
2070,3,0,0
2071,3,0,1
2072,3,0,1
2073,3,0,1
2074,3,0,1
2075,3,0,0
2076,3,0,0
2077,3,0,1
2078,3,0,0
2079,3,0,0
2080,3,0,1
2081,3,0,1
2082,3,0,0
2083,3,0,1
2084,3,0,1
2085,3,0,0
2086,3,0,1
2087,3,0,1
2088,3,0,0
2089,3,0,0
2090,3,0,1
2091,3,0,0
2092,3,0,0
2093,3,0,0
2094,3,0,0
2095,3,0,0
2096,3,0,0
2097,3,0,0
2098,3,0,0
2099,3,0,1
2100,3,0,0
2101,3,0,1
2102,3,0,1
2103,3,0,0
2104,3,0,1
2105,3,0,0
2106,3,0,1
2107,3,0,0
2108,3,0,0
2109,3,0,0
2110,3,0,0
2111,3,0,1
2112,3,0,0
2113,3,0,1
2114,3,0,0
2115,3,0,1
2116,3,0,0
2117,3,0,0
2118,3,0,0
2119,3,0,0
2120,3,0,0
2121,3,0,0
2122,3,0,1
2123,3,0,0
2124,3,0,0
2125,3,0,0
2126,3,0,0
2127,3,0,1
2128,3,0,0
2129,3,0,1
2130,3,0,1
2131,3,0,0
2132,3,0,0
2133,3,0,0
2134,3,0,0
2135,3,0,1
2136,3,0,1
2137,3,0,0
2138,3,0,0
2139,3,0,0
2140,3,0,0
2141,3,0,0
2142,3,0,1
2143,3,0,0
2144,3,0,1
2145,3,0,0
2146,3,0,0
2147,3,0,1
2148,3,0,0
2149,3,0,0
2150,3,0,1
2151,3,0,0
2152,3,0,1
2153,3,0,0
2154,3,0,0
2155,3,0,0
2156,3,0,0
2157,3,0,0
2158,3,0,1
2159,3,0,0
2160,3,0,0
2161,3,0,0
2162,3,0,0
2163,3,0,1
2164,3,0,0
2165,3,0,0
2166,3,0,1
2167,3,0,1
2168,3,0,1
2169,3,0,0
2170,3,0,0
2171,3,0,0
2172,3,0,0
2173,3,0,1
2174,3,0,0
2175,3,0,0
2176,3,0,0
2177,3,0,0
2178,3,0,0
2179,3,0,0
2180,3,0,0
2181,3,0,1
2182,3,0,1
2183,3,0,0
2184,3,0,1
2185,3,0,0
2186,3,0,1
2187,3,0,0
2188,3,0,0
2189,3,0,1
2190,3,0,1
2191,3,0,0
2192,1,0,0
2193,1,0,0
2194,1,0,0
2195,1,0,0
2196,1,0,0
2197,1,0,0
2198,1,0,0
2199,1,0,0
2200,1,0,0
2201,1,0,1
2202,1,0,0
2203,1,0,0
2204,1,0,1
2205,1,0,0
2206,1,0,0
2207,1,0,1
2208,1,0,0
2209,1,0,0
2210,1,0,0
2211,1,0,0
2212,1,0,1
2213,1,0,0
2214,1,0,1
2215,1,0,0
2216,1,0,0
2217,1,0,1
2218,1,0,0
2219,1,0,0
2220,1,0,0
2221,1,0,0
2222,1,0,0
2223,1,0,1
2224,1,0,0
2225,1,0,1
2226,1,0,0
2227,1,0,0
2228,1,0,0
2229,1,0,0
2230,1,0,0
2231,1,0,1
2232,1,0,1
2233,1,0,1
2234,1,0,0
2235,1,0,0
2236,1,0,1
2237,1,0,1
2238,1,0,0
2239,1,0,0
2240,1,0,1
2241,1,0,0
2242,1,0,0
2243,1,0,0
2244,1,0,0
2245,1,0,0
2246,1,0,0
2247,1,0,0
2248,1,0,1
2249,1,0,0
2250,1,0,1
2251,1,0,0
2252,1,0,0
2253,1,0,0
2254,1,0,0
2255,1,0,0
2256,1,0,1
2257,1,0,0
2258,1,0,1
2259,1,0,1
2260,1,0,0
2261,1,0,1
2262,1,0,0
2263,1,0,1
2264,1,0,0
2265,1,0,0
2266,1,0,0
2267,1,0,0
2268,1,0,0
2269,1,0,0
2270,1,0,0
2271,1,0,1
2272,1,0,0
2273,1,0,0
2274,1,0,1
2275,1,0,0
2276,1,0,0
2277,1,0,1
2278,1,0,0
2279,1,0,0
2280,1,0,0
2281,1,0,0
2282,1,0,0
2283,1,0,1
2284,1,0,1
2285,1,0,0
2286,1,0,1
2287,1,0,0
2288,1,0,0
2289,1,0,0
2290,1,0,0
2291,1,0,0
2292,1,0,0
2293,1,0,0
2294,1,0,0
2295,1,0,0
2296,1,0,0
2297,1,0,0
2298,1,0,0
2299,1,0,0
2300,1,0,1
2301,1,0,1
2302,1,0,1
2303,1,0,0
2304,1,0,1
2305,1,0,1
2306,1,0,0
2307,1,0,0
2308,1,0,0
2309,1,0,1
2310,1,0,0
2311,1,0,1
2312,1,0,1
2313,1,0,0
2314,1,0,0
2315,1,0,0
2316,1,0,1
2317,1,0,0
2318,1,0,0
2319,1,0,0
2320,1,0,1
2321,1,0,0
2322,1,0,1
2323,1,0,1
2324,1,0,0
2325,1,0,1
2326,1,0,0
2327,1,0,0
2328,1,0,0
2329,1,0,1
2330,1,0,0
2331,1,0,0
2332,1,0,1
2333,1,0,1
2334,1,0,1
2335,1,0,0
2336,1,0,1
2337,1,0,0
2338,1,0,0
2339,1,0,0
2340,1,0,0
2341,1,0,0
2342,1,0,0
2343,1,0,1
2344,1,0,0
2345,1,0,0
2346,1,0,0
2347,2,0,3
2348,2,0,1
2349,2,0,1
2350,2,0,1
2351,2,0,1
2352,2,0,1
2353,2,0,2
2354,2,0,1
2355,2,0,1
2356,2,0,2
2357,2,0,1
2358,2,0,1
2359,2,0,1
2360,2,0,1
2361,2,0,2
2362,2,0,2
2363,2,0,2
2364,2,0,2
2365,2,0,2
2366,2,0,2
2367,2,0,2
2368,2,0,2
2369,2,0,1
2370,2,0,1
2371,2,0,1
2372,2,0,2
2373,2,0,1
2374,2,0,1
2375,2,0,1
2376,2,0,1
2377,2,0,2
2378,2,0,1
2379,2,0,1
2380,2,0,2
2381,2,0,2
2382,2,0,1
2383,2,0,1
2384,2,0,1
2385,2,0,2
2386,2,0,1
2387,2,0,1
2388,2,0,1
2389,2,0,1
2390,2,0,1
2391,2,0,1
2392,2,0,2
2393,2,0,1
2394,2,0,1
2395,2,0,2
2396,2,0,1
2397,2,0,2
2398,2,0,1
2399,2,0,1
2400,2,0,1
2401,2,0,1
2402,2,0,1
2403,2,0,1
2404,2,0,1
2405,2,0,2
2406,2,0,2
2407,2,0,1
2408,2,0,2
2409,2,0,1
2410,2,0,1
2411,2,0,1
2412,2,0,1
2413,2,0,2
2414,2,0,1
2415,2,0,2
2416,2,0,1
2417,2,0,1
2418,2,0,2
2419,2,0,1
2420,2,0,2
2421,2,0,1
2422,2,0,2
2423,2,0,2
2424,2,0,2
2425,2,0,1
2426,2,0,1
2427,2,0,1
2428,2,0,2
2429,2,0,2
2430,2,0,1
2431,2,0,2
2432,2,0,1
2433,2,0,1
2434,2,0,1
2435,2,0,1
2436,2,0,1
2437,2,0,1
2438,2,0,2
2439,2,0,2
2440,2,0,1
2441,2,0,2
2442,2,0,2
2443,2,0,1
2444,2,0,1
2445,2,0,2
2446,2,0,2
2447,2,0,2
2448,2,0,1
2449,2,0,2
2450,2,0,2
2451,2,0,1
2452,2,0,2
2453,2,0,1
2454,2,0,1
2455,2,0,2
2456,2,0,1
2457,2,0,2
2458,2,0,1
2459,2,0,2
2460,2,0,2
2461,2,0,1
2462,2,0,2
2463,2,0,2
2464,2,0,1
2465,2,0,2
2466,2,0,1
2467,2,0,1
2468,2,0,1
2469,2,0,1
2470,2,0,2
2471,2,0,1
2472,2,0,1
2473,2,0,2
2474,2,0,1
2475,2,0,2
2476,2,0,1
2477,2,0,1
2478,2,0,1
2479,2,0,1
2480,2,0,1
2481,2,0,2
2482,2,0,1
2483,2,0,2
2484,2,0,1
2485,2,0,1
2486,2,0,1
2487,2,0,1
2488,2,0,2
2489,2,0,1
2490,2,0,1
2491,2,0,1
2492,2,0,2
2493,2,0,1
2494,2,0,2
2495,2,0,1
2496,2,0,1
2497,0,0,1
2498,0,0,1
2499,0,0,1
2500,0,0,1
2501,0,0,1
2502,0,0,1
2503,0,0,1
2504,0,0,1
2505,0,0,1
2506,0,0,1
2507,0,0,1
2508,0,0,1
2509,0,0,1
2510,0,0,1
2511,0,0,2
2512,0,0,2
2513,0,0,1
2514,0,0,2
2515,0,0,1
2516,0,0,2
2517,0,0,2
2518,0,0,1
2519,0,0,1
2520,0,0,1
2521,0,0,1
2522,0,0,1
2523,0,0,1
2524,0,0,2
2525,0,0,1
2526,0,0,1
2527,0,0,2
2528,0,0,1
2529,0,0,2
2530,0,0,1
2531,0,0,1
2532,0,0,1
2533,0,0,2
2534,0,0,1
2535,0,0,1
2536,0,0,1
2537,0,0,1
2538,0,0,1
2539,0,0,2
2540,0,0,1
2541,0,0,1
2542,0,0,1
2543,0,0,1
2544,0,0,2
2545,0,0,1
2546,0,0,1
2547,0,0,1
2548,0,0,1
2549,0,0,1
2550,0,0,1
2551,0,0,1
2552,0,0,1
2553,0,0,2
2554,0,0,2
2555,0,0,2
2556,0,0,2
2557,0,0,1
2558,0,0,1
2559,0,0,1
2560,0,0,1
2561,0,0,1
2562,0,0,1
2563,0,0,2
2564,0,0,2
2565,0,0,1
2566,0,0,1
2567,0,0,1
2568,0,0,1
2569,0,0,1
2570,0,0,1
2571,0,0,1
2572,0,0,1
2573,0,0,1
2574,0,0,2
2575,0,0,1
2576,0,0,1
2577,0,0,1
2578,0,0,2
2579,0,0,1
2580,0,0,1
2581,0,0,1
2582,0,0,1
2583,0,0,2
2584,0,0,1
2585,0,0,2
2586,0,0,2
2587,0,0,2
2588,0,0,2
2589,0,0,1
2590,0,0,1
2591,0,0,2
2592,0,0,2
2593,0,0,1
2594,0,0,1
2595,0,0,1
2596,0,0,1
2597,0,0,1
2598,0,0,2
2599,0,0,1
2600,0,0,1
2601,0,0,2
2602,0,0,1
2603,0,0,1
2604,0,0,1
2605,0,0,1
2606,0,0,1
2607,0,0,1
2608,0,0,1
2609,0,0,1
2610,0,0,1
2611,0,0,1
2612,0,0,1
2613,0,0,1
2614,0,0,1
2615,0,0,1
2616,0,0,1
2617,0,0,1
2618,0,0,1
2619,0,0,1
2620,0,0,1
2621,0,0,1
2622,0,0,1
2623,0,0,1
2624,0,0,2
2625,0,0,1
2626,0,0,2
2627,0,0,1
2628,0,0,1
2629,0,0,1
2630,0,0,1
2631,0,0,1
2632,0,0,1
2633,0,0,2
2634,0,0,2
2635,0,0,2
2636,0,0,2
2637,0,0,2
2638,0,0,2
2639,0,0,1
2640,0,0,1
2641,0,0,1
2642,0,0,1
2643,0,0,1
2644,0,0,1
2645,3,0,1
2646,3,0,1
2647,3,0,1
2648,3,0,1
2649,3,0,2
2650,3,0,1
2651,3,0,1
2652,3,0,2
2653,3,0,2
2654,3,0,1
2655,3,0,2
2656,3,0,1
2657,3,0,2
2658,3,0,2
2659,3,0,2
2660,3,0,1
2661,3,0,1
2662,3,0,1
2663,3,0,2
2664,3,0,1
2665,3,0,1
2666,3,0,1
2667,3,0,1
2668,3,0,1
2669,3,0,2
2670,3,0,1
2671,3,0,1
2672,3,0,1
2673,3,0,1
2674,3,0,1
2675,3,0,2
2676,3,0,1
2677,3,0,1
2678,3,0,2
2679,3,0,1
2680,3,0,1
2681,3,0,1
2682,3,0,1
2683,3,0,1
2684,3,0,1
2685,3,0,2
2686,3,0,2
2687,3,0,1
2688,3,0,1
2689,3,0,2
2690,3,0,1
2691,3,0,1
2692,3,0,1
2693,3,0,2
2694,3,0,1
2695,3,0,2
2696,3,0,1
2697,3,0,1
2698,3,0,2
2699,3,0,1
2700,3,0,1
2701,3,0,1
2702,3,0,1
2703,3,0,1
2704,3,0,1
2705,3,0,2
2706,3,0,1
2707,3,0,1
2708,3,0,1
2709,3,0,1
2710,3,0,1
2711,3,0,1
2712,3,0,2
2713,3,0,2
2714,3,0,1
2715,3,0,1
2716,3,0,1
2717,3,0,2
2718,3,0,2
2719,3,0,1
2720,3,0,2
2721,3,0,1
2722,3,0,2
2723,3,0,1
2724,3,0,1
2725,3,0,2
2726,3,0,1
2727,3,0,2
2728,3,0,1
2729,3,0,2
2730,3,0,1
2731,3,0,1
2732,3,0,1
2733,3,0,1
2734,3,0,2
2735,3,0,2
2736,3,0,1
2737,3,0,1
2738,3,0,1
2739,3,0,1
2740,3,0,1
2741,3,0,1
2742,3,0,1
2743,3,0,1
2744,3,0,1
2745,3,0,2
2746,3,0,1
2747,3,0,1
2748,3,0,2
2749,3,0,1
2750,3,0,1
2751,3,0,2
2752,3,0,1
2753,3,0,1
2754,3,0,2
2755,3,0,2
2756,3,0,2
2757,3,0,1
2758,3,0,1
2759,3,0,1
2760,3,0,1
2761,3,0,1
2762,3,0,2
2763,3,0,1
2764,3,0,1
2765,3,0,1
2766,3,0,2
2767,3,0,2
2768,3,0,1
2769,3,0,2
2770,3,0,1
2771,3,0,2
2772,3,0,1
2773,3,0,1
2774,3,0,2
2775,3,0,2
2776,3,0,2
2777,3,0,1
2778,3,0,1
2779,3,0,1
2780,3,0,2
2781,3,0,1
2782,3,0,2
2783,3,0,1
2784,3,0,1
2785,3,0,1
2786,3,0,1
2787,3,0,2
2788,3,0,2
2789,3,0,1
2790,3,0,1
2791,3,0,2
2792,1,0,1
2793,1,0,1
2794,1,0,1
2795,1,0,1
2796,1,0,1
2797,1,0,1
2798,1,0,1
2799,1,0,1
2800,1,0,1
2801,1,0,1
2802,1,0,1
2803,1,0,2
2804,1,0,2
2805,1,0,1
2806,1,0,1
2807,1,0,1
2808,1,0,2
2809,1,0,2
2810,1,0,2
2811,1,0,1
2812,1,0,1
2813,1,0,1
2814,1,0,2
2815,1,0,1
2816,1,0,1
2817,1,0,1
2818,1,0,1
2819,1,0,1
2820,1,0,1
2821,1,0,2
2822,1,0,2
2823,1,0,2
2824,1,0,2
2825,1,0,1
2826,1,0,1
2827,1,0,1
2828,1,0,1
2829,1,0,1
2830,1,0,2
2831,1,0,1
2832,1,0,1
2833,1,0,2
2834,1,0,1
2835,1,0,2
2836,1,0,1
2837,1,0,1
2838,1,0,1
2839,1,0,1
2840,1,0,2
2841,1,0,1
2842,1,0,2
2843,1,0,2
2844,1,0,1
2845,1,0,1
2846,1,0,1
2847,1,0,2
2848,1,0,2
2849,1,0,2
2850,1,0,1
2851,1,0,1
2852,1,0,1
2853,1,0,1
2854,1,0,2
2855,1,0,2
2856,1,0,2
2857,1,0,1
2858,1,0,2
2859,1,0,1
2860,1,0,1
2861,1,0,2
2862,1,0,1
2863,1,0,1
2864,1,0,2
2865,1,0,1
2866,1,0,1
2867,1,0,1
2868,1,0,1
2869,1,0,1
2870,1,0,2
2871,1,0,1
2872,1,0,1
2873,1,0,1
2874,1,0,1
2875,1,0,1
2876,1,0,1
2877,1,0,1
2878,1,0,1
2879,1,0,1
2880,1,0,1
2881,1,0,1
2882,1,0,1
2883,1,0,1
2884,1,0,1
2885,1,0,1
2886,1,0,1
2887,1,0,1
2888,1,0,1
2889,1,0,1
2890,1,0,1
2891,1,0,1
2892,1,0,1
2893,1,0,2
2894,1,0,1
2895,1,0,1
2896,1,0,1
2897,1,0,1
2898,1,0,1
2899,1,0,1
2900,1,0,2
2901,1,0,1
2902,1,0,2
2903,1,0,1
2904,1,0,2
2905,1,0,2
2906,1,0,2
2907,1,0,1
2908,1,0,1
2909,1,0,2
2910,1,0,1
2911,1,0,2
2912,1,0,1
2913,1,0,1
2914,1,0,1
2915,1,0,1
2916,1,0,1
2917,1,0,1
2918,1,0,1
2919,1,0,2
2920,1,0,1
2921,1,0,1
2922,1,0,1
2923,1,0,2
2924,1,0,1
2925,1,0,1
2926,1,0,2
2927,1,0,1
2928,1,0,1
2929,1,0,1
2930,1,0,2
2931,1,0,2
2932,1,0,1
2933,1,0,2
2934,1,0,2
2935,1,0,1
2936,1,0,1
2937,1,0,1
2938,1,0,1
2939,1,0,2
2940,1,0,1
2941,1,0,1
2942,1,0,2
2943,1,0,1
2944,1,0,1
2945,1,0,1
2946,1,0,2
2947,2,0,2
2948,2,0,2
2949,2,0,2
2950,2,0,2
2951,2,0,2
2952,2,0,2
2953,2,0,2
2954,2,0,2
2955,2,0,2
2956,2,0,2
2957,2,0,2
2958,2,0,2
2959,2,0,2
2960,2,0,2
2961,2,0,2
2962,2,0,2
2963,2,0,2
2964,2,0,2
2965,2,0,2
2966,2,0,2
2967,2,0,2
2968,2,0,2
2969,2,0,2
2970,2,0,2
2971,2,0,2
2972,2,0,2
2973,2,0,2
2974,2,0,2
2975,2,0,2
2976,2,0,2
2977,2,0,2
2978,2,0,2
2979,2,0,2
2980,2,0,2
2981,2,0,2
2982,2,0,2
2983,2,0,2
2984,2,0,2
2985,2,0,2
2986,2,0,2
2987,2,0,2
2988,2,0,2
2989,2,0,2
2990,2,0,2
2991,2,0,2
2992,2,0,2
2993,2,0,2
2994,2,0,2
2995,2,0,2
2996,2,0,2
2997,2,0,2
2998,2,0,2
2999,2,0,2
3000,2,0,2
3001,2,0,2
3002,2,0,2
3003,2,0,2
3004,2,0,2
3005,2,0,2
3006,2,0,2
3007,2,0,2
3008,2,0,2
3009,2,0,2
3010,2,0,2
3011,2,0,2
3012,2,0,2
3013,2,0,2
3014,2,0,2
3015,2,0,2
3016,2,0,2
3017,2,0,2
3018,2,0,2
3019,2,0,2
3020,2,0,2
3021,2,0,2
3022,2,0,2
3023,2,0,2
3024,2,0,2
3025,2,0,2
3026,2,0,2
3027,2,0,2
3028,2,0,2
3029,2,0,2
3030,2,0,2
3031,2,0,2
3032,2,0,2
3033,2,0,2
3034,2,0,2
3035,2,0,2
3036,2,0,2
3037,2,0,2
3038,2,0,2
3039,2,0,2
3040,2,0,2
3041,2,0,2
3042,2,0,2
3043,2,0,2
3044,2,0,2
3045,2,0,2
3046,2,0,2
3047,2,0,2
3048,2,0,2
3049,2,0,2
3050,2,0,2
3051,2,0,2
3052,2,0,2
3053,2,0,2
3054,2,0,2
3055,2,0,2
3056,2,0,2
3057,2,0,2
3058,2,0,2
3059,2,0,2
3060,2,0,2
3061,2,0,2
3062,2,0,2
3063,2,0,2
3064,2,0,2
3065,2,0,2
3066,2,0,2
3067,2,0,2
3068,2,0,2
3069,2,0,2
3070,2,0,2
3071,2,0,2
3072,2,0,2
3073,2,0,2
3074,2,0,2
3075,2,0,2
3076,2,0,2
3077,2,0,2
3078,2,0,2
3079,2,0,2
3080,2,0,2
3081,2,0,2
3082,2,0,2
3083,2,0,2
3084,2,0,2
3085,2,0,2
3086,2,0,2
3087,2,0,2
3088,2,0,2
3089,2,0,2
3090,2,0,2
3091,2,0,2
3092,2,0,2
3093,2,0,2
3094,2,0,2
3095,2,0,2
3096,0,0,2
3097,0,0,2
3098,0,0,2
3099,0,0,2
3100,0,0,2
3101,0,0,2
3102,0,0,2
3103,0,0,2
3104,0,0,2
3105,0,0,2
3106,0,0,2
3107,0,0,1
3108,0,0,2
3109,0,0,2
3110,0,0,2
3111,0,0,2
3112,0,0,2
3113,0,0,2
3114,0,0,2
3115,0,0,2
3116,0,0,2
3117,0,0,2
3118,0,0,2
3119,0,0,2
3120,0,0,2
3121,0,0,2
3122,0,0,2
3123,0,0,2
3124,0,0,2
3125,0,0,2
3126,0,0,2
3127,0,0,2
3128,0,0,2
3129,0,0,2
3130,0,0,2
3131,0,0,2
3132,0,0,2
3133,0,0,2
3134,0,0,2
3135,0,0,2
3136,0,0,2
3137,0,0,2
3138,0,0,2
3139,0,0,2
3140,0,0,2
3141,0,0,2
3142,0,0,2
3143,0,0,2
3144,0,0,2
3145,0,0,2
3146,0,0,2
3147,0,0,2
3148,0,0,2
3149,0,0,2
3150,0,0,2
3151,0,0,2
3152,0,0,2
3153,0,0,2
3154,0,0,2
3155,0,0,2
3156,0,0,2
3157,0,0,2
3158,0,0,2
3159,0,0,2
3160,0,0,2
3161,0,0,2
3162,0,0,2
3163,0,0,2
3164,0,0,2
3165,0,0,2
3166,0,0,2
3167,0,0,2
3168,0,0,2
3169,0,0,2
3170,0,0,2
3171,0,0,2
3172,0,0,2
3173,0,0,2
3174,0,0,2
3175,0,0,2
3176,0,0,2
3177,0,0,2
3178,0,0,2
3179,0,0,2
3180,0,0,2
3181,0,0,2
3182,0,0,2
3183,0,0,2
3184,0,0,2
3185,0,0,2
3186,0,0,2
3187,0,0,2
3188,0,0,2
3189,0,0,2
3190,0,0,2
3191,0,0,2
3192,0,0,2
3193,0,0,2
3194,0,0,2
3195,0,0,2
3196,0,0,2
3197,0,0,2
3198,0,0,2
3199,0,0,2
3200,0,0,2
3201,0,0,2
3202,0,0,2
3203,0,0,2
3204,0,0,2
3205,0,0,2
3206,0,0,2
3207,0,0,2
3208,0,0,2
3209,0,0,2
3210,0,0,2
3211,0,0,2
3212,0,0,2
3213,0,0,2
3214,0,0,2
3215,0,0,2
3216,0,0,2
3217,0,0,2
3218,0,0,2
3219,0,0,2
3220,0,0,2
3221,0,0,2
3222,0,0,2
3223,0,0,2
3224,0,0,2
3225,0,0,2
3226,0,0,2
3227,0,0,2
3228,0,0,2
3229,0,0,2
3230,0,0,2
3231,0,0,2
3232,0,0,2
3233,0,0,2
3234,0,0,2
3235,0,0,2
3236,0,0,2
3237,0,0,2
3238,0,0,2
3239,0,0,2
3240,0,0,2
3241,0,0,2
3242,0,0,2
3243,0,0,2
3244,3,0,2
3245,3,0,2
3246,3,0,2
3247,3,0,2
3248,3,0,2
3249,3,0,2
3250,3,0,2
3251,3,0,2
3252,3,0,2
3253,3,0,2
3254,3,0,2
3255,3,0,2
3256,3,0,2
3257,3,0,2
3258,3,0,2
3259,3,0,2
3260,3,0,2
3261,3,0,2
3262,3,0,2
3263,3,0,2
3264,3,0,2
3265,3,0,2
3266,3,0,2
3267,3,0,2
3268,3,0,2
3269,3,0,2
3270,3,0,2
3271,3,0,2
3272,3,0,2
3273,3,0,2
3274,3,0,2
3275,3,0,2
3276,3,0,2
3277,3,0,2
3278,3,0,2
3279,3,0,2
3280,3,0,2
3281,3,0,2
3282,3,0,2
3283,3,0,2
3284,3,0,2
3285,3,0,2
3286,3,0,2
3287,3,0,2
3288,3,0,2
3289,3,0,2
3290,3,0,2
3291,3,0,2
3292,3,0,2
3293,3,0,2
3294,3,0,2
3295,3,0,2
3296,3,0,2
3297,3,0,2
3298,3,0,2
3299,3,0,2
3300,3,0,2
3301,3,0,2
3302,3,0,2
3303,3,0,2
3304,3,0,2
3305,3,0,2
3306,3,0,2
3307,3,0,2
3308,3,0,2
3309,3,0,2
3310,3,0,2
3311,3,0,2
3312,3,0,2
3313,3,0,2
3314,3,0,2
3315,3,0,2
3316,3,0,2
3317,3,0,2
3318,3,0,2
3319,3,0,2
3320,3,0,2
3321,3,0,2
3322,3,0,2
3323,3,0,2
3324,3,0,2
3325,3,0,2
3326,3,0,2
3327,3,0,2
3328,3,0,2
3329,3,0,2
3330,3,0,2
3331,3,0,2
3332,3,0,2
3333,3,0,2
3334,3,0,2
3335,3,0,2
3336,3,0,2
3337,3,0,2
3338,3,0,2
3339,3,0,1
3340,3,0,2
3341,3,0,1
3342,3,0,2
3343,3,0,2
3344,3,0,2
3345,3,0,2
3346,3,0,2
3347,3,0,2
3348,3,0,2
3349,3,0,2
3350,3,0,2
3351,3,0,2
3352,3,0,2
3353,3,0,2
3354,3,0,2
3355,3,0,2
3356,3,0,2
3357,3,0,2
3358,3,0,2
3359,3,0,2
3360,3,0,2
3361,3,0,2
3362,3,0,2
3363,3,0,2
3364,3,0,2
3365,3,0,2
3366,3,0,2
3367,3,0,2
3368,3,0,2
3369,3,0,2
3370,3,0,2
3371,3,0,2
3372,3,0,2
3373,3,0,2
3374,3,0,2
3375,3,0,2
3376,3,0,2
3377,3,0,2
3378,3,0,2
3379,3,0,2
3380,3,0,1
3381,3,0,2
3382,3,0,2
3383,3,0,2
3384,3,0,2
3385,3,0,2
3386,3,0,2
3387,3,0,2
3388,3,0,2
3389,3,0,2
3390,3,0,2
3391,1,0,2
3392,1,0,2
3393,1,0,2
3394,1,0,2
3395,1,0,2
3396,1,0,2
3397,1,0,2
3398,1,0,2
3399,1,0,2
3400,1,0,2
3401,1,0,2
3402,1,0,2
3403,1,0,2
3404,1,0,2
3405,1,0,2
3406,1,0,2
3407,1,0,2
3408,1,0,2
3409,1,0,2
3410,1,0,2
3411,1,0,2
3412,1,0,2
3413,1,0,2
3414,1,0,2
3415,1,0,2
3416,1,0,2
3417,1,0,2
3418,1,0,2
3419,1,0,1
3420,1,0,1
3421,1,0,2
3422,1,0,2
3423,1,0,2
3424,1,0,2
3425,1,0,2
3426,1,0,2
3427,1,0,2
3428,1,0,2
3429,1,0,2
3430,1,0,1
3431,1,0,1
3432,1,0,2
3433,1,0,1
3434,1,0,2
3435,1,0,2
3436,1,0,2
3437,1,0,2
3438,1,0,2
3439,1,0,2
3440,1,0,2
3441,1,0,2
3442,1,0,2
3443,1,0,1
3444,1,0,2
3445,1,0,2
3446,1,0,2
3447,1,0,2
3448,1,0,2
3449,1,0,2
3450,1,0,2
3451,1,0,2
3452,1,0,2
3453,1,0,2
3454,1,0,2
3455,1,0,2
3456,1,0,2
3457,1,0,2
3458,1,0,2
3459,1,0,2
3460,1,0,1
3461,1,0,2
3462,1,0,2
3463,1,0,2
3464,1,0,2
3465,1,0,2
3466,1,0,2
3467,1,0,2
3468,1,0,2
3469,1,0,2
3470,1,0,2
3471,1,0,2
3472,1,0,2
3473,1,0,2
3474,1,0,2
3475,1,0,2
3476,1,0,2
3477,1,0,2
3478,1,0,2
3479,1,0,2
3480,1,0,2
3481,1,0,2
3482,1,0,2
3483,1,0,2
3484,1,0,2
3485,1,0,2
3486,1,0,2
3487,1,0,2
3488,1,0,2
3489,1,0,2
3490,1,0,2
3491,1,0,2
3492,1,0,2
3493,1,0,2
3494,1,0,2
3495,1,0,2
3496,2,0,1
3497,2,0,2
3498,2,0,2
3499,2,0,2
3500,2,0,2
3501,2,0,2
3502,2,0,2
3503,2,0,2
3504,2,0,2
3505,2,0,2
3506,2,0,2
3507,2,0,2
3508,2,0,2
3509,2,0,2
3510,2,0,2
3511,2,0,2
3512,2,0,1
3513,2,0,2
3514,2,0,2
3515,2,0,2
3516,2,0,2
3517,2,0,2
3518,2,0,2
3519,2,0,2
3520,2,0,2
3521,2,0,1
3522,2,0,2
3523,2,0,2
3524,2,0,2
3525,2,0,2
3526,2,0,2
3527,2,0,2
3528,2,0,2
3529,2,0,2
3530,2,0,2
3531,2,0,1
3532,2,0,2
3533,2,0,2
3534,2,0,2
3535,2,0,2
3536,2,0,1
3537,2,0,2
3538,2,0,2
3539,2,0,2
3540,2,0,1
3541,2,0,2
3542,2,0,2
3543,2,0,2
3544,2,0,2
3545,2,0,2
3546,2,0,2
3547,2,0,2
3548,2,0,2
3549,2,0,2
3550,2,0,2
3551,2,0,2
3552,2,0,2
3553,2,0,2
3554,2,0,2
3555,2,0,2
3556,2,0,2
3557,2,0,2
3558,2,0,2
3559,2,0,2
3560,2,0,2
3561,2,0,2
3562,2,0,2
3563,2,0,2
3564,2,0,2
3565,2,0,2
3566,2,0,2
3567,2,0,2
3568,2,0,2
3569,2,0,2
3570,2,0,2
3571,2,0,2
3572,2,0,2
3573,2,0,2
3574,2,0,2
3575,2,0,2
3576,2,0,2
3577,2,0,1
3578,2,0,1
3579,2,0,2
3580,2,0,1
3581,2,0,2
3582,2,0,2
3583,2,0,2
3584,2,0,2
3585,2,0,2
3586,2,0,2
3587,2,0,2
3588,2,0,2
3589,2,0,2
3590,2,0,2
3591,2,0,2
3592,2,0,1
3593,2,0,2
3594,2,0,2
3595,2,0,2
3596,2,0,2
3597,2,0,1
3598,2,0,2
3599,2,0,2
3600,2,0,2
3601,2,0,2
3602,2,0,2
3603,2,0,2
3604,2,0,2
3605,2,0,2
3606,2,0,2
3607,2,0,2
3608,2,0,2
3609,2,0,2
3610,2,0,2
3611,2,0,2
3612,2,0,2
3613,2,0,2
3614,2,0,2
3615,2,0,2
3616,2,0,2
3617,2,0,2
3618,2,0,2
3619,2,0,2
3620,2,0,2
3621,2,0,2
3622,2,0,1
3623,2,0,2
3624,2,0,2
3625,2,0,1
3626,2,0,2
3627,2,0,2
3628,2,0,2
3629,2,0,2
3630,2,0,2
3631,2,0,2
3632,2,0,2
3633,2,0,2
3634,2,0,2
3635,2,0,2
3636,2,0,2
3637,2,0,2
3638,2,0,2
3639,2,0,2
3640,2,0,2
3641,2,0,2
3642,2,0,2
3643,2,0,2
3644,2,0,2
3645,0,0,2
3646,0,0,2
3647,0,0,2
3648,0,0,2
3649,0,0,2
3650,0,0,1
3651,0,0,2
3652,0,0,2
3653,0,0,2
3654,0,0,2
3655,0,0,1
3656,0,0,2
3657,0,0,2
3658,0,0,2
3659,0,0,2
3660,0,0,2
3661,0,0,2
3662,0,0,2
3663,0,0,1
3664,0,0,2
3665,0,0,2
3666,0,0,2
3667,0,0,2
3668,0,0,1
3669,0,0,2
3670,0,0,2
3671,0,0,2
3672,0,0,2
3673,0,0,2
3674,0,0,1
3675,0,0,1
3676,0,0,2
3677,0,0,2
3678,0,0,1
3679,0,0,2
3680,0,0,2
3681,0,0,2
3682,0,0,2
3683,0,0,2
3684,0,0,2
3685,0,0,2
3686,0,0,2
3687,0,0,2
3688,0,0,2
3689,0,0,2
3690,0,0,2
3691,0,0,1
3692,0,0,2
3693,0,0,2
3694,0,0,2
3695,0,0,2
3696,0,0,1
3697,0,0,2
3698,0,0,1
3699,0,0,1
3700,0,0,2
3701,0,0,2
3702,0,0,2
3703,0,0,2
3704,0,0,2
3705,0,0,2
3706,0,0,2
3707,0,0,2
3708,0,0,2
3709,0,0,1
3710,0,0,2
3711,0,0,2
3712,0,0,2
3713,0,0,2
3714,0,0,1
3715,0,0,2
3716,0,0,2
3717,0,0,2
3718,0,0,1
3719,0,0,1
3720,0,0,2
3721,0,0,2
3722,0,0,2
3723,0,0,2
3724,0,0,2
3725,0,0,2
3726,0,0,2
3727,0,0,2
3728,0,0,2
3729,0,0,2
3730,0,0,2
3731,0,0,1
3732,0,0,2
3733,0,0,2
3734,0,0,2
3735,0,0,2
3736,0,0,2
3737,0,0,2
3738,0,0,2
3739,0,0,2
3740,0,0,2
3741,0,0,1
3742,0,0,2
3743,0,0,1
3744,0,0,2
3745,0,0,2
3746,0,0,2
3747,0,0,2
3748,0,0,2
3749,0,0,2
3750,0,0,2
3751,0,0,2
3752,0,0,2
3753,0,0,2
3754,0,0,2
3755,0,0,2
3756,0,0,2
3757,0,0,2
3758,0,0,2
3759,0,0,2
3760,0,0,2
3761,0,0,2
3762,0,0,2
3763,0,0,2
3764,0,0,2
3765,0,0,2
3766,0,0,2
3767,0,0,2
3768,0,0,2
3769,0,0,2
3770,0,0,1
3771,0,0,2
3772,0,0,2
3773,0,0,1
3774,0,0,2
3775,0,0,2
3776,0,0,2
3777,0,0,2
3778,0,0,2
3779,0,0,2
3780,0,0,2
3781,0,0,2
3782,0,0,1
3783,0,0,2
3784,0,0,2
3785,0,0,2
3786,0,0,2
3787,0,0,2
3788,0,0,2
3789,0,0,2
3790,0,0,2
3791,0,0,2
3792,0,0,2
3793,3,0,2
3794,3,0,2
3795,3,0,2
3796,3,0,2
3797,3,0,2
3798,3,0,2
3799,3,0,1
3800,3,0,2
3801,3,0,2
3802,3,0,2
3803,3,0,2
3804,3,0,2
3805,3,0,2
3806,3,0,1
3807,3,0,2
3808,3,0,2
3809,3,0,2
3810,3,0,1
3811,3,0,2
3812,3,0,2
3813,3,0,2
3814,3,0,2
3815,3,0,1
3816,3,0,2
3817,3,0,2
3818,3,0,2
3819,3,0,2
3820,3,0,1
3821,3,0,2
3822,3,0,2
3823,3,0,2
3824,3,0,2
3825,3,0,2
3826,3,0,2
3827,3,0,2
3828,3,0,2
3829,3,0,2
3830,3,0,2
3831,3,0,2
3832,3,0,2
3833,3,0,2
3834,3,0,2
3835,3,0,2
3836,3,0,2
3837,3,0,2
3838,3,0,1
3839,3,0,2
3840,3,0,2
3841,3,0,2
3842,3,0,2
3843,3,0,2
3844,3,0,2
3845,3,0,2
3846,3,0,2
3847,3,0,2
3848,3,0,1
3849,3,0,2
3850,3,0,2
3851,3,0,2
3852,3,0,2
3853,3,0,2
3854,3,0,2
3855,3,0,2
3856,3,0,2
3857,3,0,2
3858,3,0,2
3859,3,0,2
3860,3,0,2
3861,3,0,2
3862,3,0,2
3863,3,0,2
3864,3,0,2
3865,3,0,2
3866,3,0,2
3867,3,0,2
3868,3,0,2
3869,3,0,1
3870,3,0,2
3871,3,0,2
3872,3,0,2
3873,3,0,2
3874,3,0,2
3875,3,0,2
3876,3,0,1
3877,3,0,2
3878,3,0,2
3879,3,0,2
3880,3,0,2
3881,3,0,2
3882,3,0,2
3883,3,0,2
3884,3,0,2
3885,3,0,2
3886,3,0,2
3887,3,0,2
3888,3,0,2
3889,3,0,2
3890,3,0,2
3891,3,0,2
3892,3,0,2
3893,3,0,2
3894,3,0,2
3895,3,0,2
3896,3,0,2
3897,3,0,2
3898,3,0,1
3899,3,0,1
3900,3,0,2
3901,3,0,2
3902,3,0,2
3903,3,0,2
3904,3,0,2
3905,3,0,2
3906,3,0,2
3907,3,0,2
3908,3,0,2
3909,3,0,2
3910,3,0,2
3911,3,0,2
3912,3,0,2
3913,3,0,1
3914,3,0,2
3915,3,0,2
3916,3,0,1
3917,3,0,2
3918,3,0,2
3919,3,0,2
3920,3,0,2
3921,3,0,2
3922,3,0,2
3923,3,0,1
3924,3,0,2
3925,3,0,1
3926,3,0,2
3927,3,0,2
3928,3,0,2
3929,3,0,2
3930,3,0,2
3931,3,0,1
3932,3,0,2
3933,3,0,2
3934,3,0,2
3935,3,0,2
3936,3,0,2
3937,3,0,2
3938,3,0,2
3939,3,0,1
3940,1,0,2
3941,1,0,2
3942,1,0,2
3943,1,0,1
3944,1,0,2
3945,1,0,2
3946,1,0,2
3947,1,0,2
3948,1,0,2
3949,1,0,2
3950,1,0,2
3951,1,0,2
3952,1,0,2
3953,1,0,2
3954,1,0,2
3955,1,0,2
3956,1,0,2
3957,1,0,2
3958,1,0,2
3959,1,0,2
3960,1,0,2
3961,1,0,2
3962,1,0,2
3963,1,0,1
3964,1,0,2
3965,1,0,2
3966,1,0,2
3967,1,0,2
3968,1,0,2
3969,1,0,1
3970,1,0,2
3971,1,0,2
3972,1,0,2
3973,1,0,2
3974,1,0,2
3975,1,0,2
3976,1,0,2
3977,1,0,2
3978,1,0,2
3979,1,0,2
3980,1,0,2
3981,1,0,2
3982,1,0,2
3983,1,0,2
3984,1,0,2
3985,1,0,2
3986,1,0,2
3987,1,0,2
3988,1,0,2
3989,1,0,2
3990,1,0,2
3991,1,0,2
3992,1,0,2
3993,1,0,2
3994,1,0,2
3995,1,0,2
3996,1,0,2
3997,1,0,2
3998,1,0,2
3999,1,0,2
4000,1,0,1
4001,1,0,2
4002,1,0,2
4003,1,0,2
4004,1,0,2
4005,1,0,2
4006,1,0,1
4007,1,0,2
4008,1,0,2
4009,1,0,2
4010,1,0,2
4011,1,0,2
4012,1,0,2
4013,1,0,2
4014,1,0,2
4015,1,0,2
4016,1,0,2
4017,1,0,2
4018,1,0,2
4019,1,0,2
4020,1,0,2
4021,1,0,2
4022,1,0,2
4023,1,0,2
4024,1,0,2
4025,1,0,2
4026,1,0,1
4027,1,0,2
4028,1,0,1
4029,1,0,2
4030,1,0,2
4031,1,0,2
4032,1,0,2
4033,1,0,2
4034,1,0,2
4035,1,0,2
4036,1,0,2
4037,1,0,1
4038,1,0,1
4039,1,0,2
4040,1,0,2
4041,1,0,2
4042,1,0,2
4043,1,0,2
4044,1,0,2
4045,1,0,2
4046,1,0,2
4047,1,0,2
4048,1,0,2
4049,1,0,2
4050,1,0,2
4051,1,0,2
4052,1,0,1
4053,1,0,1
4054,1,0,2
4055,1,0,2
4056,1,0,2
4057,1,0,2
4058,1,0,2
4059,1,0,2
4060,1,0,2
4061,1,0,2
4062,1,0,2
4063,1,0,2
4064,1,0,2
4065,1,0,2
4066,1,0,2
4067,1,0,2
4068,1,0,2
4069,1,0,2
4070,1,0,2
4071,1,0,2
4072,1,0,2
4073,1,0,2
4074,1,0,2
4075,1,0,2
4076,1,0,2
4077,1,0,2
4078,1,0,2
4079,1,0,2
4080,1,0,2
4081,1,0,2
4082,1,0,2
4083,1,0,2
4084,1,0,2
4085,1,0,2
4086,1,0,2
4087,1,0,2
4088,1,0,1
4089,1,0,2
4090,1,0,2
4091,1,0,2
4092,1,0,2
4093,1,0,2
4094,1,0,2
4095,2,0,2
4096,2,0,2
4097,2,0,1
4098,2,0,1
4099,2,0,1
4100,2,0,1
4101,2,0,1
4102,2,0,2
4103,2,0,1
4104,2,0,2
4105,2,0,1
4106,2,0,2
4107,2,0,0
4108,2,0,2
4109,2,0,2
4110,2,0,1
4111,2,0,1
4112,2,0,1
4113,2,0,1
4114,2,0,1
4115,2,0,2
4116,2,0,1
4117,2,0,1
4118,2,0,1
4119,2,0,2
4120,2,0,1
4121,2,0,1
4122,2,0,1
4123,2,0,1
4124,2,0,2
4125,2,0,1
4126,2,0,1
4127,2,0,2
4128,2,0,1
4129,2,0,1
4130,2,0,2
4131,2,0,1
4132,2,0,1
4133,2,0,1
4134,2,0,2
4135,2,0,1
4136,2,0,1
4137,2,0,2
4138,2,0,1
4139,2,0,1
4140,2,0,1
4141,2,0,2
4142,2,0,1
4143,2,0,2
4144,2,0,1
4145,2,0,1
4146,2,0,1
4147,2,0,1
4148,2,0,1
4149,2,0,2
4150,2,0,2
4151,2,0,2
4152,2,0,1
4153,2,0,2
4154,2,0,1
4155,2,0,2
4156,2,0,1
4157,2,0,1
4158,2,0,1
4159,2,0,1
4160,2,0,2
4161,2,0,1
4162,2,0,2
4163,2,0,1
4164,2,0,1
4165,2,0,1
4166,2,0,1
4167,2,0,1
4168,2,0,1
4169,2,0,2
4170,2,0,2
4171,2,0,1
4172,2,0,0
4173,2,0,1
4174,2,0,2
4175,2,0,2
4176,2,0,2
4177,2,0,1
4178,2,0,1
4179,2,0,1
4180,2,0,1
4181,2,0,2
4182,2,0,2
4183,2,0,1
4184,2,0,1
4185,2,0,1
4186,2,0,1
4187,2,0,1
4188,2,0,1
4189,2,0,1
4190,2,0,1
4191,2,0,1
4192,2,0,1
4193,2,0,1
4194,2,0,1
4195,2,0,2
4196,2,0,2
4197,2,0,1
4198,2,0,1
4199,2,0,1
4200,2,0,0
4201,2,0,2
4202,2,0,1
4203,2,0,2
4204,2,0,1
4205,2,0,1
4206,2,0,2
4207,2,0,1
4208,2,0,1
4209,2,0,1
4210,2,0,2
4211,2,0,1
4212,2,0,2
4213,2,0,1
4214,2,0,1
4215,2,0,1
4216,2,0,1
4217,2,0,1
4218,2,0,2
4219,2,0,1
4220,2,0,1
4221,2,0,1
4222,2,0,2
4223,2,0,1
4224,2,0,1
4225,2,0,1
4226,2,0,2
4227,2,0,2
4228,2,0,1
4229,2,0,2
4230,2,0,2
4231,2,0,1
4232,2,0,1
4233,2,0,1
4234,2,0,1
4235,2,0,2
4236,2,0,1
4237,2,0,1
4238,2,0,2
4239,2,0,1
4240,2,0,1
4241,2,0,1
4242,2,0,1
4243,2,0,2
4244,0,0,1
4245,0,0,1
4246,0,0,1
4247,0,0,0
4248,0,0,2
4249,0,0,1
4250,0,0,2
4251,0,0,1
4252,0,0,1
4253,0,0,1
4254,0,0,1
4255,0,0,0
4256,0,0,1
4257,0,0,1
4258,0,0,1
4259,0,0,1
4260,0,0,1
4261,0,0,1
4262,0,0,1
4263,0,0,1
4264,0,0,2
4265,0,0,2
4266,0,0,1
4267,0,0,2
4268,0,0,1
4269,0,0,1
4270,0,0,1
4271,0,0,0
4272,0,0,1
4273,0,0,1
4274,0,0,1
4275,0,0,1
4276,0,0,1
4277,0,0,2
4278,0,0,1
4279,0,0,1
4280,0,0,2
4281,0,0,2
4282,0,0,1
4283,0,0,1
4284,0,0,1
4285,0,0,1
4286,0,0,1
4287,0,0,0
4288,0,0,2
4289,0,0,2
4290,0,0,2
4291,0,0,1
4292,0,0,1
4293,0,0,1
4294,0,0,1
4295,0,0,1
4296,0,0,1
4297,0,0,2
4298,0,0,2
4299,0,0,2
4300,0,0,1
4301,0,0,1
4302,0,0,2
4303,0,0,2
4304,0,0,1
4305,0,0,1
4306,0,0,2
4307,0,0,0
4308,0,0,2
4309,0,0,2
4310,0,0,2
4311,0,0,1
4312,0,0,1
4313,0,0,1
4314,0,0,1
4315,0,0,2
4316,0,0,2
4317,0,0,1
4318,0,0,1
4319,0,0,1
4320,0,0,1
4321,0,0,1
4322,0,0,1
4323,0,0,2
4324,0,0,2
4325,0,0,1
4326,0,0,2
4327,0,0,1
4328,0,0,2
4329,0,0,1
4330,0,0,2
4331,0,0,0
4332,0,0,0
4333,0,0,1
4334,0,0,1
4335,0,0,1
4336,0,0,1
4337,0,0,2
4338,0,0,1
4339,0,0,2
4340,0,0,2
4341,0,0,1
4342,0,0,2
4343,0,0,0
4344,0,0,1
4345,0,0,2
4346,0,0,1
4347,0,0,2
4348,0,0,1
4349,0,0,1
4350,0,0,1
4351,0,0,1
4352,0,0,2
4353,0,0,2
4354,0,0,1
4355,0,0,1
4356,0,0,2
4357,0,0,0
4358,0,0,1
4359,0,0,1
4360,0,0,2
4361,0,0,1
4362,0,0,1
4363,0,0,1
4364,0,0,1
4365,0,0,0
4366,0,0,2
4367,0,0,1
4368,0,0,1
4369,0,0,1
4370,0,0,1
4371,0,0,0
4372,0,0,1
4373,0,0,2
4374,0,0,1
4375,0,0,2
4376,0,0,1
4377,0,0,2
4378,0,0,1
4379,0,0,2
4380,0,0,1
4381,0,0,1
4382,0,0,1
4383,0,0,1
4384,0,0,1
4385,0,0,1
4386,0,-1,0
4387,0,0,1
4388,0,0,2
4389,0,0,1
4390,0,0,1
4391,0,0,1
4392,3,0,1
4393,3,0,1
4394,3,0,2
4395,3,0,1
4396,3,0,2
4397,3,0,2
4398,3,0,1
4399,3,0,1
4400,3,0,2
4401,3,0,1
4402,3,0,2
4403,3,0,1
4404,3,0,1
4405,3,0,1
4406,3,0,1
4407,3,0,2
4408,3,0,1
4409,3,0,1
4410,3,0,2
4411,3,0,2
4412,3,0,1
4413,3,0,1
4414,3,0,1
4415,3,0,2
4416,3,0,1
4417,3,0,1
4418,3,0,2
4419,3,0,2
4420,3,0,2
4421,3,0,2
4422,3,0,1
4423,3,0,1
4424,3,0,2
4425,3,0,1
4426,3,0,1
4427,3,0,2
4428,3,0,2
4429,3,0,1
4430,3,0,2
4431,3,0,2
4432,3,0,1
4433,3,0,2
4434,3,0,2
4435,3,0,0
4436,3,0,1
4437,3,0,2
4438,3,0,1
4439,3,0,1
4440,3,0,1
4441,3,0,1
4442,3,0,1
4443,3,0,1
4444,3,0,1
4445,3,0,1
4446,3,0,2
4447,3,0,1
4448,3,0,2
4449,3,0,2
4450,3,0,1
4451,3,0,2
4452,3,0,1
4453,3,0,2
4454,3,0,1
4455,3,0,1
4456,3,0,1
4457,3,0,1
4458,3,0,2
4459,3,0,0
4460,3,0,2
4461,3,0,0
4462,3,0,2
4463,3,0,0
4464,3,0,1
4465,3,0,1
4466,3,0,1
4467,3,0,1
4468,3,0,1
4469,3,0,2
4470,3,0,1
4471,3,0,1
4472,3,0,1
4473,3,0,1
4474,3,0,2
4475,3,0,1
4476,3,0,2
4477,3,0,2
4478,3,0,1
4479,3,0,1
4480,3,0,1
4481,3,0,1
4482,3,0,2
4483,3,0,2
4484,3,0,1
4485,3,0,1
4486,3,0,1
4487,3,0,1
4488,3,0,1
4489,3,0,2
4490,3,0,1
4491,3,0,2
4492,3,0,1
4493,3,0,1
4494,3,0,2
4495,3,0,1
4496,3,0,1
4497,3,0,2
4498,3,0,1
4499,3,0,2
4500,3,0,1
4501,3,0,1
4502,3,0,1
4503,3,0,1
4504,3,0,1
4505,3,0,2
4506,3,0,1
4507,3,0,1
4508,3,0,1
4509,3,0,1
4510,3,0,2
4511,3,0,1
4512,3,0,1
4513,3,0,2
4514,3,0,2
4515,3,0,2
4516,3,0,1
4517,3,0,1
4518,3,0,2
4519,3,0,1
4520,3,0,2
4521,3,0,2
4522,3,0,1
4523,3,0,1
4524,3,0,1
4525,3,0,1
4526,3,0,1
4527,3,0,1
4528,3,0,2
4529,3,0,2
4530,3,0,0
4531,3,0,2
4532,3,0,1
4533,3,0,2
4534,3,0,1
4535,3,0,1
4536,3,0,2
4537,3,0,2
4538,3,0,1
4539,1,0,1
4540,1,0,1
4541,1,0,1
4542,1,0,1
4543,1,0,1
4544,1,0,1
4545,1,0,1
4546,1,0,1
4547,1,0,1
4548,1,0,2
4549,1,0,0
4550,1,0,1
4551,1,0,2
4552,1,0,1
4553,1,0,1
4554,1,0,2
4555,1,0,1
4556,1,0,1
4557,1,0,1
4558,1,0,1
4559,1,0,2
4560,1,0,1
4561,1,0,2
4562,1,0,2
4563,1,0,1
4564,1,0,2
4565,1,0,1
4566,1,0,1
4567,1,0,1
4568,1,0,1
4569,1,0,1
4570,1,0,2
4571,1,0,1
4572,1,0,2
4573,1,0,1
4574,1,0,1
4575,1,0,1
4576,1,0,1
4577,1,0,1
4578,1,0,2
4579,1,0,2
4580,1,0,2
4581,1,0,1
4582,1,0,1
4583,1,0,2
4584,1,0,2
4585,1,0,0
4586,1,0,1
4587,1,0,2
4588,1,0,1
4589,1,0,1
4590,1,0,1
4591,1,0,1
4592,1,0,1
4593,1,0,1
4594,1,0,1
4595,1,0,2
4596,1,0,1
4597,1,0,2
4598,1,0,1
4599,1,0,1
4600,1,0,1
4601,1,0,1
4602,1,0,1
4603,1,0,2
4604,1,0,1
4605,1,0,2
4606,1,0,2
4607,1,0,1
4608,1,0,2
4609,1,0,1
4610,1,0,2
4611,1,0,1
4612,1,0,1
4613,1,0,1
4614,1,0,1
4615,1,0,0
4616,1,0,1
4617,1,0,1
4618,1,0,2
4619,1,0,1
4620,1,0,1
4621,1,0,2
4622,1,0,1
4623,1,0,1
4624,1,0,2
4625,1,0,1
4626,1,0,1
4627,1,0,1
4628,1,0,1
4629,1,0,1
4630,1,0,1
4631,1,0,2
4632,1,0,1
4633,1,0,2
4634,1,0,1
4635,1,0,1
4636,1,0,1
4637,1,0,1
4638,1,0,1
4639,1,0,1
4640,1,0,1
4641,1,0,1
4642,1,0,1
4643,1,0,1
4644,1,0,1
4645,1,0,1
4646,1,0,1
4647,1,0,2
4648,1,0,2
4649,1,0,2
4650,1,0,1
4651,1,0,2
4652,1,0,2
4653,1,0,1
4654,1,0,1
4655,1,0,1
4656,1,0,2
4657,1,0,1
4658,1,0,2
4659,1,0,2
4660,1,0,1
4661,1,0,1
4662,1,0,1
4663,1,0,2
4664,1,0,1
4665,1,0,1
4666,1,0,1
4667,1,0,2
4668,1,0,1
4669,1,0,2
4670,1,0,2
4671,1,0,1
4672,1,0,2
4673,1,0,0
4674,1,0,1
4675,1,0,1
4676,1,0,2
4677,1,0,1
4678,1,0,1
4679,1,0,2
4680,1,0,2
4681,1,0,2
4682,1,0,1
4683,1,0,2
4684,1,0,1
4685,1,0,1
4686,1,0,1
4687,1,0,1
4688,1,0,1
4689,1,0,1
4690,1,0,2
4691,1,0,1
4692,1,0,1
4693,1,0,1
4694,2,0,3
4695,2,0,3
4696,2,0,3
4697,2,0,3
4698,2,0,3
4699,2,0,3
4700,2,0,3
4701,2,0,2
4702,2,0,3
4703,2,0,3
4704,2,0,3
4705,2,0,3
4706,2,0,3
4707,2,0,3
4708,2,0,3
4709,2,0,3
4710,2,0,3
4711,2,0,3
4712,2,0,3
4713,2,0,3
4714,2,0,3
4715,2,0,3
4716,2,0,3
4717,2,0,3
4718,2,0,3
4719,2,0,3
4720,2,0,3
4721,2,0,3
4722,2,0,3
4723,2,0,3
4724,2,0,3
4725,2,0,2
4726,2,0,3
4727,2,0,3
4728,2,0,3
4729,2,0,3
4730,2,0,3
4731,2,0,3
4732,2,0,3
4733,2,0,3
4734,2,0,3
4735,2,0,3
4736,2,0,3
4737,2,0,3
4738,2,0,3
4739,2,0,3
4740,2,0,3
4741,2,0,3
4742,2,0,3
4743,2,0,3
4744,2,0,3
4745,2,0,3
4746,2,0,3
4747,2,0,3
4748,2,0,3
4749,2,0,2
4750,2,0,2
4751,2,0,3
4752,2,0,3
4753,2,0,3
4754,2,0,2
4755,2,0,3
4756,2,0,2
4757,2,0,3
4758,2,0,3
4759,2,0,2
4760,2,0,3
4761,2,0,3
4762,2,0,3
4763,2,0,2
4764,2,0,3
4765,2,0,3
4766,2,0,3
4767,2,0,3
4768,2,0,3
4769,2,0,3
4770,2,0,3
4771,2,0,3
4772,2,0,3
4773,2,0,3
4774,2,0,3
4775,2,0,3
4776,2,0,3
4777,2,0,3
4778,2,0,3
4779,2,0,2
4780,2,0,3
4781,2,0,3
4782,2,0,3
4783,2,0,3
4784,2,0,3
4785,2,0,3
4786,2,0,3
4787,2,0,3
4788,2,0,3
4789,2,0,3
4790,2,0,3
4791,2,0,3
4792,2,0,3
4793,2,0,3
4794,2,0,3
4795,2,0,3
4796,2,0,3
4797,2,0,3
4798,2,0,3
4799,2,0,3
4800,2,0,3
4801,2,0,3
4802,2,0,3
4803,2,0,2
4804,2,0,3
4805,2,0,3
4806,2,0,3
4807,2,0,3
4808,2,0,3
4809,2,0,3
4810,2,0,3
4811,2,0,3
4812,2,0,3
4813,2,0,3
4814,2,0,2
4815,2,0,3
4816,2,0,3
4817,2,0,3
4818,2,0,3
4819,2,0,3
4820,2,0,3
4821,2,0,3
4822,2,0,3
4823,2,0,2
4824,2,0,3
4825,2,0,3
4826,2,0,3
4827,2,0,2
4828,2,0,3
4829,2,0,3
4830,2,0,2
4831,2,0,3
4832,2,0,3
4833,2,0,3
4834,2,0,3
4835,2,0,3
4836,2,0,3
4837,2,0,3
4838,2,0,3
4839,2,0,3
4840,2,0,3
4841,2,0,3
4842,2,0,3
4843,2,0,2
4844,0,0,2
4845,0,0,3
4846,0,0,3
4847,0,0,3
4848,0,0,2
4849,0,0,3
4850,0,0,3
4851,0,0,2
4852,0,0,2
4853,0,0,3
4854,0,0,3
4855,0,0,2
4856,0,0,3
4857,0,0,2
4858,0,0,3
4859,0,0,3
4860,0,0,3
4861,0,0,3
4862,0,0,3
4863,0,0,3
4864,0,0,3
4865,0,0,3
4866,0,0,3
4867,0,0,3
4868,0,0,3
4869,0,0,3
4870,0,0,3
4871,0,0,3
4872,0,0,2
4873,0,0,3
4874,0,0,3
4875,0,0,3
4876,0,0,3
4877,0,0,3
4878,0,0,3
4879,0,0,3
4880,0,0,3
4881,0,0,3
4882,0,0,3
4883,0,0,3
4884,0,0,3
4885,0,0,3
4886,0,0,3
4887,0,0,3
4888,0,0,3
4889,0,0,2
4890,0,0,3
4891,0,0,3
4892,0,0,3
4893,0,0,3
4894,0,0,3
4895,0,0,3
4896,0,0,3
4897,0,0,3
4898,0,0,3
4899,0,0,3
4900,0,0,3
4901,0,0,3
4902,0,0,3
4903,0,0,3
4904,0,0,3
4905,0,0,2
4906,0,0,3
4907,0,0,3
4908,0,0,3
4909,0,0,3
4910,0,0,3
4911,0,0,3
4912,0,0,3
4913,0,0,3
4914,0,0,2
4915,0,0,3
4916,0,0,3
4917,0,0,3
4918,0,0,3
4919,0,0,3
4920,0,0,3
4921,0,0,3
4922,0,0,3
4923,0,0,3
4924,0,0,3
4925,0,0,3
4926,0,0,3
4927,0,0,3
4928,0,0,3
4929,0,0,2
4930,0,0,3
4931,0,0,3
4932,0,0,3
4933,0,0,3
4934,0,0,3
4935,0,0,3
4936,0,0,3
4937,0,0,3
4938,0,0,3
4939,0,0,3
4940,0,0,3
4941,0,0,3
4942,0,0,3
4943,0,0,2
4944,0,0,3
4945,0,0,3
4946,0,0,3
4947,0,0,3
4948,0,0,3
4949,0,0,3
4950,0,0,3
4951,0,0,3
4952,0,0,3
4953,0,0,3
4954,0,0,3
4955,0,0,3
4956,0,0,3
4957,0,0,3
4958,0,0,2
4959,0,0,3
4960,0,0,3
4961,0,0,3
4962,0,0,3
4963,0,0,3
4964,0,0,3
4965,0,0,3
4966,0,0,3
4967,0,0,3
4968,0,0,3
4969,0,0,3
4970,0,0,3
4971,0,0,2
4972,0,0,3
4973,0,0,3
4974,0,0,3
4975,0,0,3
4976,0,0,3
4977,0,0,3
4978,0,0,3
4979,0,0,3
4980,0,0,3
4981,0,0,3
4982,0,0,3
4983,0,0,3
4984,0,0,3
4985,0,0,3
4986,0,0,3
4987,0,0,3
4988,0,0,2
4989,0,0,3
4990,0,0,2
4991,0,0,3
4992,3,0,3
4993,3,0,3
4994,3,0,2
4995,3,0,3
4996,3,0,3
4997,3,0,3
4998,3,0,3
4999,3,0,3
5000,3,0,3
5001,3,0,3
5002,3,0,3
5003,3,0,3
5004,3,0,3
5005,3,0,3
5006,3,0,3
5007,3,0,3
5008,3,0,3
5009,3,0,2
5010,3,0,3
5011,3,0,3
5012,3,0,3
5013,3,0,3
5014,3,0,3
5015,3,0,3
5016,3,0,3
5017,3,0,3
5018,3,0,3
5019,3,0,3
5020,3,0,3
5021,3,0,3
5022,3,0,3
5023,3,0,3
5024,3,0,3
5025,3,0,3
5026,3,0,3
5027,3,0,3
5028,3,0,3
5029,3,0,3
5030,3,0,3
5031,3,0,3
5032,3,0,3
5033,3,0,3
5034,3,0,3
5035,3,0,3
5036,3,0,3
5037,3,0,3
5038,3,0,3
5039,3,0,3
5040,3,0,3
5041,3,0,2
5042,3,0,3
5043,3,0,3
5044,3,0,2
5045,3,0,3
5046,3,0,3
5047,3,0,3
5048,3,0,3
5049,3,0,3
5050,3,0,3
5051,3,0,3
5052,3,0,3
5053,3,0,3
5054,3,0,2
5055,3,0,3
5056,3,0,3
5057,3,0,3
5058,3,0,2
5059,3,0,3
5060,3,0,3
5061,3,0,3
5062,3,0,3
5063,3,0,3
5064,3,0,3
5065,3,0,3
5066,3,0,2
5067,3,0,3
5068,3,0,3
5069,3,0,3
5070,3,0,3
5071,3,0,3
5072,3,0,3
5073,3,0,3
5074,3,0,3
5075,3,0,3
5076,3,0,3
5077,3,0,3
5078,3,0,3
5079,3,0,3
5080,3,0,3
5081,3,0,3
5082,3,0,3
5083,3,0,3
5084,3,0,3
5085,3,0,3
5086,3,0,3
5087,3,0,3
5088,3,0,2
5089,3,0,3
5090,3,0,3
5091,3,0,3
5092,3,0,3
5093,3,0,3
5094,3,0,3
5095,3,0,3
5096,3,0,3
5097,3,0,3
5098,3,0,3
5099,3,0,3
5100,3,0,3
5101,3,0,3
5102,3,0,3
5103,3,0,3
5104,3,0,3
5105,3,0,2
5106,3,0,3
5107,3,0,3
5108,3,0,3
5109,3,0,3
5110,3,0,3
5111,3,0,2
5112,3,0,3
5113,3,0,3
5114,3,0,3
5115,3,0,3
5116,3,0,3
5117,3,0,3
5118,3,0,3
5119,3,0,3
5120,3,0,3
5121,3,0,3
5122,3,0,3
5123,3,0,3
5124,3,0,3
5125,3,0,3
5126,3,0,3
5127,3,0,3
5128,3,0,3
5129,3,0,3
5130,3,0,3
5131,3,0,3
5132,3,0,3
5133,3,0,3
5134,3,0,3
5135,3,0,3
5136,3,0,3
5137,3,0,3
5138,3,0,3
5139,1,0,3
5140,1,0,3
5141,1,0,3
5142,1,0,3
5143,1,0,3
5144,1,0,3
5145,1,0,3
5146,1,0,3
5147,1,0,3
5148,1,0,3
5149,1,0,3
5150,1,0,3
5151,1,0,3
5152,1,0,3
5153,1,0,2
5154,1,0,3
5155,1,0,3
5156,1,0,3
5157,1,0,3
5158,1,0,3
5159,1,0,3
5160,1,0,3
5161,1,0,3
5162,1,0,3
5163,1,0,3
5164,1,0,3
5165,1,0,3
5166,1,0,3
5167,1,0,3
5168,1,0,3
5169,1,0,3
5170,1,0,3
5171,1,0,2
5172,1,0,3
5173,1,0,3
5174,1,0,2
5175,1,0,3
5176,1,0,2
5177,1,0,3
5178,1,0,2
5179,1,0,3
5180,1,0,3
5181,1,0,3
5182,1,0,3
5183,1,0,3
5184,1,0,3
5185,1,0,3
5186,1,0,3
5187,1,0,3
5188,1,0,2
5189,1,0,3
5190,1,0,3
5191,1,0,3
5192,1,0,3
5193,1,0,3
5194,1,0,3
5195,1,0,3
5196,1,0,3
5197,1,0,3
5198,1,0,3
5199,1,0,3
5200,1,0,3
5201,1,0,3
5202,1,0,3
5203,1,0,3
5204,1,0,3
5205,1,0,3
5206,1,0,2
5207,1,0,3
5208,1,0,3
5209,1,0,3
5210,1,0,3
5211,1,0,3
5212,1,0,2
5213,1,0,3
5214,1,0,3
5215,1,0,3
5216,1,0,2
5217,1,0,3
5218,1,0,2
5219,1,0,3
5220,1,0,3
5221,1,0,3
5222,1,0,3
5223,1,0,3
5224,1,0,3
5225,1,0,2
5226,1,0,3
5227,1,0,3
5228,1,0,3
5229,1,0,3
5230,1,0,3
5231,1,0,3
5232,1,0,3
5233,1,0,3
5234,1,0,3
5235,1,0,3
5236,1,0,3
5237,1,0,3
5238,1,0,3
5239,1,0,3
5240,1,0,3
5241,1,0,3
5242,1,0,3
5243,1,0,3
5244,1,0,3
5245,1,0,3
5246,1,0,3
5247,1,0,3
5248,1,0,3
5249,1,0,3
5250,1,0,2
5251,1,0,3
5252,1,0,3
5253,1,0,3
5254,1,0,3
5255,1,0,3
5256,1,0,3
5257,1,0,3
5258,1,0,3
5259,1,0,3
5260,1,0,3
5261,1,0,3
5262,1,0,3
5263,1,0,3
5264,1,0,3
5265,1,0,2
5266,1,0,3
5267,1,0,3
5268,1,0,3
5269,1,0,3
5270,1,0,3
5271,1,0,3
5272,1,0,3
5273,1,0,2
5274,1,0,3
5275,1,0,3
5276,1,0,3
5277,1,0,3
5278,1,0,3
5279,1,0,2
5280,1,0,3
5281,1,0,3
5282,1,0,3
5283,1,0,2
5284,1,0,3
5285,1,0,3
5286,1,0,2
5287,1,0,3
5288,1,0,3
5289,1,0,3
5290,1,0,3
5291,1,0,2
5292,1,0,3
5293,1,0,3
5294,2,0,3
5295,2,0,3
5296,2,0,3
5297,2,0,3
5298,2,0,3
5299,2,0,3
5300,2,0,3
5301,2,0,3
5302,2,0,3
5303,2,0,3
5304,2,0,3
5305,2,0,3
5306,2,0,3
5307,2,0,3
5308,2,0,3
5309,2,0,3
5310,2,0,3
5311,2,0,3
5312,2,0,3
5313,2,0,3
5314,2,0,3
5315,2,0,3
5316,2,0,3
5317,2,0,3
5318,2,0,3
5319,2,0,3
5320,2,0,3
5321,2,0,3
5322,2,0,3
5323,2,0,3
5324,2,0,3
5325,2,0,3
5326,2,0,3
5327,2,0,3
5328,2,0,3
5329,2,0,3
5330,2,0,3
5331,2,0,3
5332,2,0,3
5333,2,0,3
5334,2,0,3
5335,2,0,3
5336,2,0,3
5337,2,0,3
5338,2,0,3
5339,2,0,3
5340,2,0,3
5341,2,0,3
5342,2,0,3
5343,2,0,3
5344,2,0,3
5345,2,0,3
5346,2,0,3
5347,2,0,3
5348,2,0,3
5349,2,0,3
5350,2,0,3
5351,2,0,3
5352,2,0,3
5353,2,0,3
5354,2,0,3
5355,2,0,3
5356,2,0,3
5357,2,0,3
5358,2,0,3
5359,2,0,3
5360,2,0,3
5361,2,0,3
5362,2,0,3
5363,2,0,3
5364,2,0,3
5365,2,0,3
5366,2,0,3
5367,2,0,3
5368,2,0,3
5369,2,0,3
5370,2,0,3
5371,2,0,3
5372,2,0,3
5373,2,0,3
5374,2,0,3
5375,2,0,3
5376,2,0,3
5377,2,0,3
5378,2,0,3
5379,2,0,3
5380,2,0,3
5381,2,0,3
5382,2,0,3
5383,2,0,3
5384,2,0,3
5385,2,0,3
5386,2,0,3
5387,2,0,3
5388,2,0,3
5389,2,0,3
5390,2,0,3
5391,2,0,3
5392,2,0,3
5393,2,0,3
5394,2,0,3
5395,2,0,3
5396,2,0,3
5397,2,0,3
5398,2,0,3
5399,2,0,3
5400,2,0,3
5401,2,0,3
5402,2,0,3
5403,2,0,3
5404,2,0,3
5405,2,0,3
5406,2,0,3
5407,2,0,3
5408,2,0,3
5409,2,0,3
5410,2,0,3
5411,2,0,3
5412,2,0,3
5413,2,0,3
5414,2,0,3
5415,2,0,3
5416,2,0,3
5417,2,0,3
5418,2,0,3
5419,2,0,3
5420,2,0,3
5421,2,0,3
5422,2,0,3
5423,2,0,3
5424,2,0,3
5425,2,0,3
5426,2,0,3
5427,2,0,3
5428,2,0,3
5429,2,0,3
5430,2,0,3
5431,2,0,3
5432,2,0,3
5433,2,0,3
5434,2,0,3
5435,2,0,3
5436,2,0,3
5437,2,0,3
5438,2,0,3
5439,2,0,3
5440,2,0,3
5441,2,0,3
5442,2,0,3
5443,0,0,3
5444,0,0,3
5445,0,0,3
5446,0,0,3
5447,0,0,3
5448,0,0,3
5449,0,0,3
5450,0,0,3
5451,0,0,3
5452,0,0,3
5453,0,0,3
5454,0,0,3
5455,0,0,3
5456,0,0,3
5457,0,0,3
5458,0,0,3
5459,0,0,3
5460,0,0,3
5461,0,0,3
5462,0,0,3
5463,0,0,3
5464,0,0,3
5465,0,0,3
5466,0,0,3
5467,0,0,3
5468,0,0,3
5469,0,0,3
5470,0,0,3
5471,0,0,3
5472,0,0,3
5473,0,0,3
5474,0,0,3
5475,0,0,3
5476,0,0,3
5477,0,0,3
5478,0,0,3
5479,0,0,3
5480,0,0,3
5481,0,0,3
5482,0,0,3
5483,0,0,3
5484,0,0,3
5485,0,0,3
5486,0,0,3
5487,0,0,3
5488,0,0,3
5489,0,0,3
5490,0,0,3
5491,0,0,3
5492,0,0,3
5493,0,0,3
5494,0,0,3
5495,0,0,3
5496,0,0,3
5497,0,0,3
5498,0,0,3
5499,0,0,3
5500,0,0,3
5501,0,0,3
5502,0,0,3
5503,0,0,3
5504,0,0,3
5505,0,0,3
5506,0,0,3
5507,0,0,3
5508,0,0,3
5509,0,0,3
5510,0,0,3
5511,0,0,3
5512,0,0,3
5513,0,0,3
5514,0,0,3
5515,0,0,3
5516,0,0,3
5517,0,0,3
5518,0,0,3
5519,0,0,3
5520,0,0,3
5521,0,0,3
5522,0,0,3
5523,0,0,3
5524,0,0,3
5525,0,0,3
5526,0,0,3
5527,0,0,3
5528,0,0,3
5529,0,0,3
5530,0,0,3
5531,0,0,3
5532,0,0,3
5533,0,0,3
5534,0,0,3
5535,0,0,3
5536,0,0,3
5537,0,0,3
5538,0,0,3
5539,0,0,3
5540,0,0,3
5541,0,0,3
5542,0,0,3
5543,0,0,3
5544,0,0,3
5545,0,0,3
5546,0,0,3
5547,0,0,3
5548,0,0,3
5549,0,0,3
5550,0,0,3
5551,0,0,3
5552,0,0,3
5553,0,0,3
5554,0,0,3
5555,0,0,3
5556,0,0,3
5557,0,0,3
5558,0,0,3
5559,0,0,3
5560,0,0,3
5561,0,0,3
5562,0,0,3
5563,0,0,3
5564,0,0,3
5565,0,0,3
5566,0,0,3
5567,0,0,3
5568,0,0,3
5569,0,0,3
5570,0,0,3
5571,0,0,3
5572,0,0,3
5573,0,0,3
5574,0,0,3
5575,0,0,3
5576,0,0,3
5577,0,0,3
5578,0,0,3
5579,0,0,3
5580,0,0,3
5581,0,0,3
5582,0,0,3
5583,0,0,3
5584,0,0,3
5585,0,0,3
5586,0,0,3
5587,0,0,3
5588,0,0,3
5589,0,0,3
5590,0,0,3
5591,3,0,3
5592,3,0,3
5593,3,0,3
5594,3,0,3
5595,3,0,3
5596,3,0,3
5597,3,0,3
5598,3,0,3
5599,3,0,3
5600,3,0,3
5601,3,0,3
5602,3,0,3
5603,3,0,3
5604,3,0,3
5605,3,0,3
5606,3,0,3
5607,3,0,3
5608,3,0,3
5609,3,0,3
5610,3,0,3
5611,3,0,3
5612,3,0,3
5613,3,0,3
5614,3,0,3
5615,3,0,3
5616,3,0,3
5617,3,0,3
5618,3,0,3
5619,3,0,3
5620,3,0,3
5621,3,0,3
5622,3,0,3
5623,3,0,3
5624,3,0,3
5625,3,0,3
5626,3,0,3
5627,3,0,3
5628,3,0,3
5629,3,0,3
5630,3,0,3
5631,3,0,3
5632,3,0,3
5633,3,0,3
5634,3,0,3
5635,3,0,3
5636,3,0,3
5637,3,0,3
5638,3,0,3
5639,3,0,3
5640,3,0,3
5641,3,0,3
5642,3,0,3
5643,3,0,3
5644,3,0,3
5645,3,0,3
5646,3,0,3
5647,3,0,3
5648,3,0,3
5649,3,0,3
5650,3,0,3
5651,3,0,3
5652,3,0,3
5653,3,0,3
5654,3,0,3
5655,3,0,3
5656,3,0,3
5657,3,0,3
5658,3,0,3
5659,3,0,3
5660,3,0,3
5661,3,0,3
5662,3,0,3
5663,3,0,3
5664,3,0,3
5665,3,0,3
5666,3,0,3
5667,3,0,3
5668,3,0,3
5669,3,0,3
5670,3,0,3
5671,3,0,3
5672,3,0,3
5673,3,0,3
5674,3,0,3
5675,3,0,3
5676,3,0,3
5677,3,0,3
5678,3,0,3
5679,3,0,3
5680,3,0,3
5681,3,0,3
5682,3,0,3
5683,3,0,3
5684,3,0,3
5685,3,0,3
5686,3,0,3
5687,3,0,3
5688,3,0,3
5689,3,0,3
5690,3,0,3
5691,3,0,3
5692,3,0,3
5693,3,0,3
5694,3,0,3
5695,3,0,3
5696,3,0,3
5697,3,0,3
5698,3,0,3
5699,3,0,3
5700,3,0,3
5701,3,0,3
5702,3,0,3
5703,3,0,3
5704,3,0,3
5705,3,0,3
5706,3,0,3
5707,3,0,3
5708,3,0,3
5709,3,0,3
5710,3,0,3
5711,3,0,3
5712,3,0,3
5713,3,0,3
5714,3,0,3
5715,3,0,3
5716,3,0,3
5717,3,0,3
5718,3,0,3
5719,3,0,3
5720,3,0,3
5721,3,0,3
5722,3,0,3
5723,3,0,3
5724,3,0,3
5725,3,0,3
5726,3,0,3
5727,3,0,3
5728,3,0,3
5729,3,0,3
5730,3,0,3
5731,3,0,3
5732,3,0,3
5733,3,0,3
5734,3,0,3
5735,3,0,3
5736,3,0,3
5737,3,0,3
5738,1,0,3
5739,1,0,3
5740,1,0,3
5741,1,0,3
5742,1,0,3
5743,1,0,3
5744,1,0,3
5745,1,0,3
5746,1,0,3
5747,1,0,3
5748,1,0,3
5749,1,0,3
5750,1,0,3
5751,1,0,3
5752,1,0,3
5753,1,0,3
5754,1,0,3
5755,1,0,3
5756,1,0,3
5757,1,0,3
5758,1,0,3
5759,1,0,3
5760,1,0,3
5761,1,0,3
5762,1,0,3
5763,1,0,3
5764,1,0,3
5765,1,0,3
5766,1,0,3
5767,1,0,3
5768,1,0,3
5769,1,0,3
5770,1,0,3
5771,1,0,3
5772,1,0,3
5773,1,0,3
5774,1,0,3
5775,1,0,3
5776,1,0,3
5777,1,0,3
5778,1,0,3
5779,1,0,3
5780,1,0,2
5781,1,0,3
5782,1,0,3
5783,1,0,3
5784,1,0,3
5785,1,0,3
5786,1,0,3
5787,1,0,3
5788,1,0,3
5789,1,0,3
5790,1,0,3
5791,1,0,3
5792,1,0,3
5793,1,0,3
5794,1,0,3
5795,1,0,3
5796,1,0,3
5797,1,0,3
5798,1,0,3
5799,1,0,3
5800,1,0,3
5801,1,0,3
5802,1,0,3
5803,1,0,3
5804,1,0,3
5805,1,0,3
5806,1,0,3
5807,1,0,3
5808,1,0,3
5809,1,0,3
5810,1,0,3
5811,1,0,3
5812,1,0,3
5813,1,0,3
5814,1,0,3
5815,1,0,3
5816,1,0,3
5817,1,0,3
5818,1,0,3
5819,1,0,3
5820,1,0,3
5821,1,0,3
5822,1,0,3
5823,1,0,3
5824,1,0,3
5825,1,0,3
5826,1,0,3
5827,1,0,3
5828,1,0,3
5829,1,0,3
5830,1,0,3
5831,1,0,3
5832,1,0,3
5833,1,0,3
5834,1,0,3
5835,1,0,3
5836,1,0,3
5837,1,0,3
5838,1,0,3
5839,1,0,3
5840,1,0,3
5841,1,0,3
5842,1,0,3
5843,2,0,3
5844,2,0,3
5845,2,0,3
5846,2,0,3
5847,2,0,3
5848,2,0,3
5849,2,0,3
5850,2,0,3
5851,2,0,3
5852,2,0,3
5853,2,0,3
5854,2,0,3
5855,2,0,3
5856,2,0,3
5857,2,0,3
5858,2,0,3
5859,2,0,3
5860,2,0,3
5861,2,0,3
5862,2,0,3
5863,2,0,3
5864,2,0,3
5865,2,0,3
5866,2,0,3
5867,2,0,3
5868,2,0,3
5869,2,0,3
5870,2,0,3
5871,2,0,3
5872,2,0,3
5873,2,0,3
5874,2,0,3
5875,2,0,3
5876,2,0,3
5877,2,0,3
5878,2,0,3
5879,2,0,3
5880,2,0,3
5881,2,0,3
5882,2,0,3
5883,2,0,3
5884,2,0,3
5885,2,0,3
5886,2,0,3
5887,2,0,3
5888,2,0,3
5889,2,0,3
5890,2,0,3
5891,2,0,3
5892,2,0,3
5893,2,0,3
5894,2,0,3
5895,2,0,3
5896,2,0,3
5897,2,0,3
5898,2,0,3
5899,2,0,3
5900,2,0,3
5901,2,0,3
5902,2,0,3
5903,2,0,3
5904,2,0,3
5905,2,0,3
5906,2,0,3
5907,2,0,3
5908,2,0,3
5909,2,0,3
5910,2,0,3
5911,2,0,3
5912,2,0,3
5913,2,0,3
5914,2,0,3
5915,2,0,3
5916,2,0,3
5917,2,0,3
5918,2,0,3
5919,2,0,3
5920,2,0,3
5921,2,0,3
5922,2,0,3
5923,2,0,3
5924,2,0,3
5925,2,0,2
5926,2,0,3
5927,2,0,3
5928,2,0,3
5929,2,0,3
5930,2,0,3
5931,2,0,3
5932,2,0,3
5933,2,0,3
5934,2,0,3
5935,2,0,3
5936,2,0,3
5937,2,0,3
5938,2,0,3
5939,2,0,3
5940,2,0,3
5941,2,0,3
5942,2,0,3
5943,2,0,3
5944,2,0,3
5945,2,0,3
5946,2,0,3
5947,2,0,3
5948,2,0,3
5949,2,0,3
5950,2,0,3
5951,2,0,3
5952,2,0,3
5953,2,0,3
5954,2,0,3
5955,2,0,3
5956,2,0,3
5957,2,0,3
5958,2,0,3
5959,2,0,3
5960,2,0,3
5961,2,0,3
5962,2,0,3
5963,2,0,3
5964,2,0,3
5965,2,0,3
5966,2,0,3
5967,2,0,2
5968,2,0,3
5969,2,0,3
5970,2,0,3
5971,2,0,3
5972,2,0,3
5973,2,0,3
5974,2,0,3
5975,2,0,3
5976,2,0,3
5977,2,0,3
5978,2,0,3
5979,2,0,3
5980,2,0,3
5981,2,0,3
5982,2,0,3
5983,2,0,3
5984,2,0,3
5985,2,0,3
5986,2,0,3
5987,2,0,3
5988,2,0,3
5989,2,0,3
5990,2,0,3
5991,2,0,3
5992,0,0,3
5993,0,0,3
5994,0,0,3
5995,0,0,3
5996,0,0,3
5997,0,0,3
5998,0,0,3
5999,0,0,3
6000,0,0,3
6001,0,0,3
6002,0,0,3
6003,0,0,3
6004,0,0,3
6005,0,0,3
6006,0,0,3
6007,0,0,3
6008,0,0,3
6009,0,0,3
6010,0,0,3
6011,0,0,3
6012,0,0,3
6013,0,0,3
6014,0,0,3
6015,0,0,3
6016,0,0,3
6017,0,0,3
6018,0,0,3
6019,0,0,3
6020,0,0,3
6021,0,0,3
6022,0,0,3
6023,0,0,3
6024,0,0,3
6025,0,0,3
6026,0,0,3
6027,0,0,3
6028,0,0,3
6029,0,0,3
6030,0,0,3
6031,0,0,3
6032,0,0,3
6033,0,0,3
6034,0,0,3
6035,0,0,3
6036,0,0,3
6037,0,0,3
6038,0,0,3
6039,0,0,3
6040,0,0,3
6041,0,0,3
6042,0,0,3
6043,0,0,3
6044,0,0,3
6045,0,0,2
6046,0,0,3
6047,0,0,3
6048,0,0,3
6049,0,0,3
6050,0,0,3
6051,0,0,3
6052,0,0,3
6053,0,0,3
6054,0,0,3
6055,0,0,3
6056,0,0,3
6057,0,0,3
6058,0,0,3
6059,0,0,3
6060,0,0,3
6061,0,0,3
6062,0,0,3
6063,0,0,3
6064,0,0,3
6065,0,0,3
6066,0,0,3
6067,0,0,3
6068,0,0,3
6069,0,0,3
6070,0,0,3
6071,0,0,3
6072,0,0,3
6073,0,0,3
6074,0,0,3
6075,0,0,3
6076,0,0,3
6077,0,0,3
6078,0,0,3
6079,0,0,3
6080,0,0,3
6081,0,0,3
6082,0,0,3
6083,0,0,3
6084,0,0,3
6085,0,0,3
6086,0,0,3
6087,0,0,3
6088,0,0,3
6089,0,0,3
6090,0,0,2
6091,0,0,3
6092,0,0,3
6093,0,0,3
6094,0,0,3
6095,0,0,3
6096,0,0,3
6097,0,0,3
6098,0,0,3
6099,0,0,3
6100,0,0,3
6101,0,0,3
6102,0,0,3
6103,0,0,3
6104,0,0,3
6105,0,0,3
6106,0,0,3
6107,0,0,3
6108,0,0,3
6109,0,0,3
6110,0,0,3
6111,0,0,3
6112,0,0,3
6113,0,0,3
6114,0,0,3
6115,0,0,3
6116,0,0,3
6117,0,0,3
6118,0,0,3
6119,0,0,3
6120,0,0,3
6121,0,0,3
6122,0,0,3
6123,0,0,3
6124,0,0,3
6125,0,0,3
6126,0,0,3
6127,0,0,3
6128,0,0,3
6129,0,0,3
6130,0,0,3
6131,0,0,3
6132,0,0,3
6133,0,0,3
6134,0,0,3
6135,0,0,3
6136,0,0,3
6137,0,0,3
6138,0,0,3
6139,0,0,3
6140,3,0,3
6141,3,0,3
6142,3,0,3
6143,3,0,2
6144,3,0,3
6145,3,0,3
6146,3,0,3
6147,3,0,3
6148,3,0,3
6149,3,0,3
6150,3,0,3
6151,3,0,3
6152,3,0,3
6153,3,0,3
6154,3,0,3
6155,3,0,3
6156,3,0,3
6157,3,0,3
6158,3,0,3
6159,3,0,3
6160,3,0,3
6161,3,0,3
6162,3,0,3
6163,3,0,3
6164,3,0,3
6165,3,0,3
6166,3,0,3
6167,3,0,3
6168,3,0,3
6169,3,0,3
6170,3,0,3
6171,3,0,3
6172,3,0,3
6173,3,0,3
6174,3,0,3
6175,3,0,3
6176,3,0,3
6177,3,0,3
6178,3,0,3
6179,3,0,3
6180,3,0,3
6181,3,0,3
6182,3,0,3
6183,3,0,3
6184,3,0,3
6185,3,0,3
6186,3,0,3
6187,3,0,3
6188,3,0,3
6189,3,0,3
6190,3,0,3
6191,3,0,3
6192,3,0,3
6193,3,0,3
6194,3,0,3
6195,3,0,3
6196,3,0,3
6197,3,0,3
6198,3,0,3
6199,3,0,3
6200,3,0,3
6201,3,0,3
6202,3,0,3
6203,3,0,3
6204,3,0,3
6205,3,0,3
6206,3,0,3
6207,3,0,2
6208,3,0,3
6209,3,0,3
6210,3,0,3
6211,3,0,3
6212,3,0,3
6213,3,0,3
6214,3,0,3
6215,3,0,3
6216,3,0,3
6217,3,0,3
6218,3,0,3
6219,3,0,3
6220,3,0,3
6221,3,0,3
6222,3,0,3
6223,3,0,3
6224,3,0,3
6225,3,0,3
6226,3,0,3
6227,3,0,3
6228,3,0,3
6229,3,0,3
6230,3,0,3
6231,3,0,3
6232,3,0,3
6233,3,0,3
6234,3,0,3
6235,3,0,3
6236,3,0,3
6237,3,0,3
6238,3,0,3
6239,3,0,3
6240,3,0,3
6241,3,0,3
6242,3,0,3
6243,3,0,3
6244,3,0,3
6245,3,0,2
6246,3,0,3
6247,3,0,3
6248,3,0,3
6249,3,0,3
6250,3,0,3
6251,3,0,2
6252,3,0,3
6253,3,0,3
6254,3,0,3
6255,3,0,3
6256,3,0,3
6257,3,0,3
6258,3,0,3
6259,3,0,3
6260,3,0,3
6261,3,0,3
6262,3,0,3
6263,3,0,2
6264,3,0,3
6265,3,0,3
6266,3,0,3
6267,3,0,3
6268,3,0,3
6269,3,0,3
6270,3,0,3
6271,3,0,3
6272,3,0,3
6273,3,0,3
6274,3,0,3
6275,3,0,3
6276,3,0,3
6277,3,0,3
6278,3,0,3
6279,3,0,3
6280,3,0,3
6281,3,0,3
6282,3,0,3
6283,3,0,3
6284,3,0,3
6285,3,0,3
6286,3,0,3
6287,1,0,3
6288,1,0,3
6289,1,0,3
6290,1,0,3
6291,1,0,3
6292,1,0,3
6293,1,0,3
6294,1,0,3
6295,1,0,3
6296,1,0,3
6297,1,0,3
6298,1,0,3
6299,1,0,3
6300,1,0,3
6301,1,0,3
6302,1,0,3
6303,1,0,3
6304,1,0,3
6305,1,0,3
6306,1,0,3
6307,1,0,3
6308,1,0,3
6309,1,0,3
6310,1,0,3
6311,1,0,3
6312,1,0,3
6313,1,0,3
6314,1,0,3
6315,1,0,3
6316,1,0,3
6317,1,0,3
6318,1,0,3
6319,1,0,3
6320,1,0,3
6321,1,0,3
6322,1,0,3
6323,1,0,3
6324,1,0,3
6325,1,0,3
6326,1,0,3
6327,1,0,3
6328,1,0,3
6329,1,0,3
6330,1,0,3
6331,1,0,3
6332,1,0,3
6333,1,0,3
6334,1,0,3
6335,1,0,3
6336,1,0,3
6337,1,0,3
6338,1,0,3
6339,1,0,3
6340,1,0,3
6341,1,0,3
6342,1,0,3
6343,1,0,3
6344,1,0,3
6345,1,0,3
6346,1,0,3
6347,1,0,3
6348,1,0,3
6349,1,0,3
6350,1,0,3
6351,1,0,3
6352,1,0,3
6353,1,0,3
6354,1,0,3
6355,1,0,3
6356,1,0,3
6357,1,0,3
6358,1,0,3
6359,1,0,3
6360,1,0,3
6361,1,0,3
6362,1,0,3
6363,1,0,3
6364,1,0,3
6365,1,0,3
6366,1,0,3
6367,1,0,3
6368,1,0,3
6369,1,0,3
6370,1,0,3
6371,1,0,3
6372,1,0,3
6373,1,0,3
6374,1,0,3
6375,1,0,3
6376,1,0,3
6377,1,0,3
6378,1,0,3
6379,1,0,3
6380,1,0,3
6381,1,0,3
6382,1,0,3
6383,1,0,3
6384,1,0,3
6385,1,0,3
6386,1,0,3
6387,1,0,3
6388,1,0,3
6389,1,0,3
6390,1,0,3
6391,1,0,3
6392,1,0,3
6393,1,0,3
6394,1,0,3
6395,1,0,3
6396,1,0,3
6397,1,0,3
6398,1,0,3
6399,1,0,3
6400,1,0,3
6401,1,0,3
6402,1,0,3
6403,1,0,3
6404,1,0,3
6405,1,0,3
6406,1,0,3
6407,1,0,3
6408,1,0,3
6409,1,0,3
6410,1,0,3
6411,1,0,3
6412,1,0,3
6413,1,0,3
6414,1,0,3
6415,1,0,3
6416,1,0,3
6417,1,0,3
6418,1,0,3
6419,1,0,3
6420,1,0,3
6421,1,0,3
6422,1,0,3
6423,1,0,3
6424,1,0,3
6425,1,0,3
6426,1,0,3
6427,1,0,3
6428,1,0,3
6429,1,0,3
6430,1,0,3
6431,1,0,3
6432,1,0,3
6433,1,0,3
6434,1,0,3
6435,1,0,3
6436,1,0,3
6437,1,0,3
6438,1,0,3
6439,1,0,3
6440,1,0,3
6441,1,0,3
6442,2,0,3
6443,2,0,3
6444,2,0,2
6445,2,0,2
6446,2,0,2
6447,2,0,2
6448,2,0,2
6449,2,0,3
6450,2,0,2
6451,2,0,3
6452,2,0,2
6453,2,0,3
6454,2,0,2
6455,2,0,3
6456,2,0,3
6457,2,0,2
6458,2,0,2
6459,2,0,2
6460,2,0,2
6461,2,0,2
6462,2,0,3
6463,2,0,2
6464,2,0,2
6465,2,0,2
6466,2,0,3
6467,2,0,2
6468,2,0,2
6469,2,0,2
6470,2,0,2
6471,2,0,3
6472,2,0,2
6473,2,0,2
6474,2,0,3
6475,2,0,2
6476,2,0,2
6477,2,0,3
6478,2,0,2
6479,2,0,2
6480,2,0,2
6481,2,0,3
6482,2,0,2
6483,2,0,2
6484,2,0,3
6485,2,0,2
6486,2,0,2
6487,2,0,2
6488,2,0,3
6489,2,0,2
6490,2,0,3
6491,2,0,2
6492,2,0,2
6493,2,0,2
6494,2,0,2
6495,2,0,2
6496,2,0,3
6497,2,0,3
6498,2,0,3
6499,2,0,2
6500,2,0,3
6501,2,0,2
6502,2,0,3
6503,2,0,2
6504,2,0,2
6505,2,0,2
6506,2,0,2
6507,2,0,3
6508,2,0,2
6509,2,0,3
6510,2,0,2
6511,2,0,2
6512,2,0,2
6513,2,0,2
6514,2,0,2
6515,2,0,2
6516,2,0,3
6517,2,0,3
6518,2,0,2
6519,2,0,2
6520,2,0,2
6521,2,0,3
6522,2,0,3
6523,2,0,3
6524,2,0,2
6525,2,0,2
6526,2,0,2
6527,2,0,2
6528,2,0,3
6529,2,0,3
6530,2,0,2
6531,2,0,2
6532,2,0,2
6533,2,0,2
6534,2,0,2
6535,2,0,2
6536,2,0,2
6537,2,0,2
6538,2,0,2
6539,2,0,2
6540,2,0,2
6541,2,0,2
6542,2,0,3
6543,2,0,3
6544,2,0,2
6545,2,0,2
6546,2,0,2
6547,2,0,2
6548,2,0,3
6549,2,0,2
6550,2,0,3
6551,2,0,2
6552,2,0,2
6553,2,0,3
6554,2,0,2
6555,2,0,2
6556,2,0,2
6557,2,0,3
6558,2,0,2
6559,2,0,3
6560,2,0,2
6561,2,0,2
6562,2,0,2
6563,2,0,2
6564,2,0,2
6565,2,0,3
6566,2,0,2
6567,2,0,2
6568,2,0,2
6569,2,0,3
6570,2,0,2
6571,2,0,2
6572,2,0,2
6573,2,0,3
6574,2,0,3
6575,2,0,2
6576,2,0,3
6577,2,0,3
6578,2,0,2
6579,2,0,2
6580,2,0,2
6581,2,0,2
6582,2,0,3
6583,2,0,2
6584,2,0,2
6585,2,0,3
6586,2,0,2
6587,2,0,2
6588,2,0,2
6589,2,0,2
6590,2,0,3
6591,0,0,2
6592,0,0,2
6593,0,0,2
6594,0,0,2
6595,0,0,3
6596,0,0,2
6597,0,0,3
6598,0,0,2
6599,0,0,2
6600,0,0,2
6601,0,0,2
6602,0,0,2
6603,0,0,2
6604,0,0,2
6605,0,0,2
6606,0,0,2
6607,0,0,2
6608,0,0,2
6609,0,0,2
6610,0,0,2
6611,0,0,3
6612,0,0,3
6613,0,0,2
6614,0,0,3
6615,0,0,2
6616,0,0,2
6617,0,0,2
6618,0,0,2
6619,0,0,2
6620,0,0,2
6621,0,0,2
6622,0,0,2
6623,0,0,2
6624,0,0,3
6625,0,0,2
6626,0,0,2
6627,0,0,3
6628,0,0,3
6629,0,0,2
6630,0,0,2
6631,0,0,2
6632,0,0,2
6633,0,0,2
6634,0,0,2
6635,0,0,3
6636,0,0,3
6637,0,0,3
6638,0,0,2
6639,0,0,2
6640,0,0,2
6641,0,0,2
6642,0,0,2
6643,0,0,2
6644,0,0,3
6645,0,0,3
6646,0,0,3
6647,0,0,2
6648,0,0,2
6649,0,0,3
6650,0,0,3
6651,0,0,2
6652,0,0,2
6653,0,0,3
6654,0,0,2
6655,0,0,3
6656,0,0,3
6657,0,0,3
6658,0,0,2
6659,0,0,2
6660,0,0,2
6661,0,0,2
6662,0,0,3
6663,0,0,3
6664,0,0,2
6665,0,0,2
6666,0,0,2
6667,0,0,2
6668,0,0,2
6669,0,0,2
6670,0,0,3
6671,0,0,3
6672,0,0,2
6673,0,0,3
6674,0,0,2
6675,0,0,3
6676,0,0,2
6677,0,0,3
6678,0,0,2
6679,0,0,2
6680,0,0,2
6681,0,0,2
6682,0,0,2
6683,0,0,2
6684,0,0,3
6685,0,0,2
6686,0,0,3
6687,0,0,3
6688,0,0,2
6689,0,0,3
6690,0,0,2
6691,0,0,2
6692,0,0,3
6693,0,0,2
6694,0,0,3
6695,0,0,2
6696,0,0,2
6697,0,0,2
6698,0,0,2
6699,0,0,3
6700,0,0,3
6701,0,0,2
6702,0,0,2
6703,0,0,3
6704,0,0,2
6705,0,0,2
6706,0,0,2
6707,0,0,3
6708,0,0,2
6709,0,0,2
6710,0,0,2
6711,0,0,2
6712,0,0,2
6713,0,0,3
6714,0,0,2
6715,0,0,2
6716,0,0,2
6717,0,0,3
6718,0,0,2
6719,0,0,2
6720,0,0,3
6721,0,0,2
6722,0,0,3
6723,0,0,2
6724,0,0,3
6725,0,0,2
6726,0,0,3
6727,0,0,2
6728,0,0,2
6729,0,0,2
6730,0,0,2
6731,0,0,2
6732,0,0,2
6733,0,0,2
6734,0,0,2
6735,0,0,3
6736,0,0,2
6737,0,0,2
6738,0,0,2
6739,3,0,2
6740,3,0,2
6741,3,0,3
6742,3,0,2
6743,3,0,3
6744,3,0,3
6745,3,0,2
6746,3,0,2
6747,3,0,3
6748,3,0,2
6749,3,0,3
6750,3,0,2
6751,3,0,2
6752,3,0,2
6753,3,0,2
6754,3,0,3
6755,3,0,2
6756,3,0,2
6757,3,0,3
6758,3,0,3
6759,3,0,2
6760,3,0,2
6761,3,0,2
6762,3,0,3
6763,3,0,2
6764,3,0,2
6765,3,0,3
6766,3,0,3
6767,3,0,3
6768,3,0,3
6769,3,0,2
6770,3,0,2
6771,3,0,3
6772,3,0,2
6773,3,0,2
6774,3,0,3
6775,3,0,3
6776,3,0,2
6777,3,0,3
6778,3,0,3
6779,3,0,2
6780,3,0,3
6781,3,0,3
6782,3,0,2
6783,3,0,2
6784,3,0,3
6785,3,0,2
6786,3,0,2
6787,3,0,2
6788,3,0,2
6789,3,0,2
6790,3,0,2
6791,3,0,2
6792,3,0,2
6793,3,0,3
6794,3,0,2
6795,3,0,3
6796,3,0,3
6797,3,0,2
6798,3,0,3
6799,3,0,2
6800,3,0,3
6801,3,0,2
6802,3,0,2
6803,3,0,2
6804,3,0,3
6805,3,0,3
6806,3,0,2
6807,3,0,3
6808,3,0,2
6809,3,0,3
6810,3,0,2
6811,3,0,2
6812,3,0,2
6813,3,0,2
6814,3,0,2
6815,3,0,2
6816,3,0,3
6817,3,0,2
6818,3,0,2
6819,3,0,2
6820,3,0,2
6821,3,0,3
6822,3,0,2
6823,3,0,3
6824,3,0,3
6825,3,0,2
6826,3,0,2
6827,3,0,2
6828,3,0,2
6829,3,0,3
6830,3,0,3
6831,3,0,2
6832,3,0,2
6833,3,0,2
6834,3,0,2
6835,3,0,2
6836,3,0,3
6837,3,0,2
6838,3,0,3
6839,3,0,2
6840,3,0,2
6841,3,0,3
6842,3,0,2
6843,3,0,2
6844,3,0,3
6845,3,0,2
6846,3,0,3
6847,3,0,2
6848,3,0,2
6849,3,0,2
6850,3,0,2
6851,3,0,2
6852,3,0,3
6853,3,0,2
6854,3,0,2
6855,3,0,2
6856,3,0,2
6857,3,0,3
6858,3,0,2
6859,3,0,2
6860,3,0,3
6861,3,0,3
6862,3,0,3
6863,3,0,2
6864,3,0,2
6865,3,0,3
6866,3,0,2
6867,3,0,3
6868,3,0,3
6869,3,0,2
6870,3,0,2
6871,3,0,2
6872,3,0,2
6873,3,0,2
6874,3,0,2
6875,3,0,3
6876,3,0,3
6877,3,0,2
6878,3,0,3
6879,3,0,2
6880,3,0,3
6881,3,0,2
6882,3,0,2
6883,3,0,3
6884,3,0,3
6885,3,0,2
6886,1,0,2
6887,1,0,2
6888,1,0,2
6889,1,0,2
6890,1,0,2
6891,1,0,2
6892,1,0,2
6893,1,0,2
6894,1,0,2
6895,1,0,3
6896,1,0,2
6897,1,0,2
6898,1,0,3
6899,1,0,2
6900,1,0,2
6901,1,0,3
6902,1,0,2
6903,1,0,2
6904,1,0,2
6905,1,0,2
6906,1,0,3
6907,1,0,2
6908,1,0,3
6909,1,0,3
6910,1,0,2
6911,1,0,3
6912,1,0,2
6913,1,0,2
6914,1,0,2
6915,1,0,2
6916,1,0,2
6917,1,0,3
6918,1,0,2
6919,1,0,3
6920,1,0,2
6921,1,0,2
6922,1,0,2
6923,1,0,2
6924,1,0,2
6925,1,0,3
6926,1,0,3
6927,1,0,3
6928,1,0,2
6929,1,0,2
6930,1,0,3
6931,1,0,3
6932,1,0,2
6933,1,0,2
6934,1,0,3
6935,1,0,2
6936,1,0,2
6937,1,0,2
6938,1,0,2
6939,1,0,2
6940,1,0,2
6941,1,0,2
6942,1,0,3
6943,1,0,2
6944,1,0,3
6945,1,0,2
6946,1,0,2
6947,1,0,2
6948,1,0,2
6949,1,0,2
6950,1,0,3
6951,1,0,2
6952,1,0,3
6953,1,0,3
6954,1,0,2
6955,1,0,3
6956,1,0,2
6957,1,0,3
6958,1,0,2
6959,1,0,2
6960,1,0,2
6961,1,0,2
6962,1,0,2
6963,1,0,2
6964,1,0,2
6965,1,0,3
6966,1,0,2
6967,1,0,2
6968,1,0,3
6969,1,0,2
6970,1,0,2
6971,1,0,3
6972,1,0,2
6973,1,0,2
6974,1,0,2
6975,1,0,2
6976,1,0,2
6977,1,0,2
6978,1,0,3
6979,1,0,2
6980,1,0,3
6981,1,0,2
6982,1,0,2
6983,1,0,2
6984,1,0,2
6985,1,0,2
6986,1,0,2
6987,1,0,2
6988,1,0,2
6989,1,0,2
6990,1,0,2
6991,1,0,2
6992,1,0,2
6993,1,0,2
6994,1,0,3
6995,1,0,3
6996,1,0,3
6997,1,0,2
6998,1,0,3
6999,1,0,3
7000,1,0,2
7001,1,0,2
7002,1,0,2
7003,1,0,3
7004,1,0,2
7005,1,0,3
7006,1,0,3
7007,1,0,2
7008,1,0,2
7009,1,0,2
7010,1,0,3
7011,1,0,2
7012,1,0,2
7013,1,0,2
7014,1,0,3
7015,1,0,2
7016,1,0,3
7017,1,0,3
7018,1,0,2
7019,1,0,3
7020,1,0,2
7021,1,0,2
7022,1,0,2
7023,1,0,3
7024,1,0,2
7025,1,0,2
7026,1,0,3
7027,1,0,3
7028,1,0,3
7029,1,0,2
7030,1,0,3
7031,1,0,2
7032,1,0,2
7033,1,0,2
7034,1,0,2
7035,1,0,2
7036,1,0,2
7037,1,0,3
7038,1,0,2
7039,1,0,2
7040,1,0,2
